file,cmrdm,tm,phi,edcs,edh,edr,iaph,status
ILA-001.xml,29,858509,PH260619,,,,,auto
ILA-055.xml,87,938619,PH271136,,,,,auto
ILA-060.xml,92,846708,PH270067 PH271344,,,,,auto
ILA-067.xml,99,932247,PH270846,,,,,auto
ILA-086.xml,118,855364,PH256902,,,,iAph120402,auto
ILA-087.xml,119,855490,PH257044,,,,iAph120703,auto
ILA-105.xml,260,929591,PH281364,,,,,auto
ILA-106.xml,21,178776,PH300980,09800285,HD014914,,,auto
ILA-109.xml,23,569852,,17300647,,EDR169369,,auto
ILA-110.xml,28,863994,PH254983,,,,,auto
ILA-111.xml,122,938509,PH281222,,,,,auto
ILA-130.xml,142,931238,PH281149,,,,,auto
ILA-133.xml,145,938179,PH274129,,,,,auto
ILA-135.xml,147,932128,PH274246,,,,,auto
ILA-136.xml,148,932133,PH274272,,,,,auto
ILA-138.xml,150,932924,PH275624,,,,,auto
ILA-139.xml,151,928668,PH274112,,,,,auto
ILA-140.xml,152,932120,PH274223,,,,,auto
ILA-142.xml,154,939050,PH274497,,,,,auto
ILA-143.xml,155,938105,PH275650,,,,,auto
ILA-144.xml,156,939043,PH274457,,,,,auto
ILA-148.xml,160,176872,PH281253,16300058,HD021536,,,auto
ILA-149.xml,161,929521,PH281254,,,,,auto
ILA-150.xml,162,929522,PH281255,,,,,auto
ILA-151.xml,163,929523,PH281256,,,,,auto
ILA-152.xml,164,929524,PH281257,,,,,auto
ILA-153.xml,165,929525,PH281258,,,,,auto
ILA-154.xml,166,942692,PH281259,78300357,,,,auto
ILA-155.xml,167,942690,PH281260,,,,,auto
ILA-156.xml,168,942693,,,,,,auto
ILA-157.xml,169,929526,PH281262,,,,,auto
ILA-158.xml,170,929527,PH281263,,,,,auto
ILA-159.xml,171,929528,PH281264,,,,,auto
ILA-160.xml,172,929529,PH281265,,,,,auto
ILA-161.xml,173,929530,PH281266,,,,,auto
ILA-162.xml,174,929531,PH281267,78300358,,,,auto
ILA-164.xml,176,385349,PH281269,44500170,,,,auto
ILA-165.xml,177,929532,PH281270,,,,,auto
ILA-166.xml,178,385161,PH281271,26900083,,,,auto
ILA-167.xml,179,929533,PH281272 PH281421,78300484,,,,auto
ILA-168.xml,180,929534,PH281273,78300485,,,,auto
ILA-169.xml,181,929535,PH281274,78300486,,,,auto
ILA-170.xml,182,929536,PH281275,,,,,auto
ILA-171.xml,183,929537,PH281276,78300487,,,,auto
ILA-172.xml,184,929538,PH281277,,,,,auto
ILA-173.xml,185,929539,PH281278,,,,,auto
ILA-174.xml,186,929540,PH281279,,,,,auto
ILA-175.xml,187,929541,PH281280,,,,,auto
ILA-176.xml,188,385363,PH281424 PH281281,50702298,,,,auto
ILA-177.xml,189,929542,PH281282,,,,,auto
ILA-178.xml,190,942448,,,,,,SKIP-review
ILA-179.xml,191,929543,PH281287,,,,,auto
ILA-180.xml,192,929544,PH281288,,,,,auto
ILA-181.xml,193,942449,PH281289 PH281290,,,,,auto
ILA-182.xml,194,929545,PH281291,,,,,auto
ILA-183.xml,195,875287;942448,,,,,,SKIP-review
ILA-184.xml,196,929546,PH281293,,,,,auto
ILA-185.xml,197,929547,PH281294,,,,,auto
ILA-186.xml,198,929548,PH281295,,,,,auto
ILA-187.xml,199,929549,PH281296,,,,,auto
ILA-188.xml,200,385350,PH281297,50702296,,,,auto
ILA-189.xml,201,929550,PH281298,,,,,auto
ILA-190.xml,202,929551,PH281299,,,,,auto
ILA-191.xml,203,929552,PH281300,78300488,,,,auto
ILA-192.xml,204,929553,PH281301,,,,,auto
ILA-193.xml,205,385351,PH281302,44500159,,,,auto
ILA-194.xml,206,385364,PH281427 PH281303 PH281304,50702299,,,,auto
ILA-195.xml,207,929554,PH281305,,,,,auto
ILA-196.xml,208,929555,PH281306,,,,,auto
ILA-197.xml,209,929556,PH281307,,,,,auto
ILA-198.xml,210,929557,PH281308,,,,,auto
ILA-199.xml,211,929558,PH281309,,,,,auto
ILA-200.xml,212,929559,PH281310,,,,,auto
ILA-201.xml,213,385352,PH281311 PH281312,50702297,,,,auto
ILA-202.xml,214,929560,PH281313,,,,,auto
ILA-203.xml,215,929561,PH281314,,,,,auto
ILA-204.xml,216,929562,PH281315,,,,,auto
ILA-205.xml,217,929563,PH281316,,,,,auto
ILA-206.xml,218,929564,PH281317,,,,,auto
ILA-207.xml,219,929565,PH281318,,,,,auto
ILA-208.xml,220,929566,PH281319,,,,,auto
ILA-209.xml,221,929567,PH281320,,,,,auto
ILA-210.xml,222,385353,PH281321,44500160,,,,auto
ILA-211.xml,223,929568,PH281322,,,,,auto
ILA-212.xml,224,929569,PH281323,,,,,auto
ILA-213.xml,225,929570,PH281324,,,,,auto
ILA-214.xml,226,929571,PH281325,,,,,auto
ILA-215.xml,227,385354,PH281326,44500161,,,,auto
ILA-216.xml,228,929572,PH281327,,,,,auto
ILA-217.xml,229,929573,PH281328,,,,,auto
ILA-218.xml,230,929574,PH281329,,,,,auto
ILA-219.xml,231,385355,PH281330 PH281433,44500162,,,,auto
ILA-220.xml,232,929575,PH281331,,,,,auto
ILA-221.xml,233,929576,PH281332,,,,,auto
ILA-222.xml,234,942451,PH281333 PH281334 PH281434,,,,,auto
ILA-223.xml,235,929577,PH281335,,,,,auto
ILA-224.xml,236,385356,PH281336 PH281337,44500163,,,,auto
ILA-225.xml,237,929578,PH281338,,,,,auto
ILA-226.xml,238,929579,PH281339,,,,,auto
ILA-227.xml,239,929580,PH281340,,,,,auto
ILA-228.xml,240,929581,PH281341 PH281435,,,,,auto
ILA-229.xml,241,929582,PH281342 PH281436,,,,,auto
ILA-230.xml,242,942453,PH281343 PH281344 PH281437,,,,,auto
ILA-231.xml,243,929583,PH281345,,,,,auto
ILA-232.xml,244,942454,PH281346 PH281347 PH281438,,,,,auto
ILA-233.xml,245,929584,PH281348,,,,,auto
ILA-234.xml,246,929585,PH281349,,,,,auto
ILA-235.xml,247,929586,PH281350,,,,,auto
ILA-236.xml,248,929587,PH281351,,,,,auto
ILA-237.xml,249,385357,PH281352,44500164,,,,auto
ILA-238.xml,250,385358,PH281353,44500165,,,,auto
ILA-239.xml,251,385359,PH281354,44500166,,,,auto
ILA-240.xml,252,874759,PH282234 PH281355 PH281356 PH281440,,,,,auto
ILA-241.xml,253,929588,PH281357,,,,,auto
ILA-242.xml,254,929589,PH281358,,,,,auto
ILA-243.xml,255,920944,PH281359,,,,,auto
ILA-244.xml,256,385360,PH281360,44500167,,,,auto
ILA-245.xml,257,385361,PH281361,44500168,,,,auto
ILA-246.xml,258,929590,PH281362,,,,,auto
ILA-247.xml,259,920945,PH281363,,,,,auto
ILA-248.xml,261,385362,PH281365,44500169,,,,auto
ILA-249.xml,262,929592,PH281366,,,,,auto
ILA-250.xml,263,929593,PH281367,,,,,auto
ILA-251.xml,264,929594,PH281368,,,,,auto
ILA-252.xml,265,942455,PH281369 PH281370 PH281371,,,,,auto
ILA-253.xml,266,929595,PH281372,,,,,auto
ILA-254.xml,267,920946,PH281373,,,,,auto
ILA-255.xml,268,920947,PH281374,,,,,auto
ILA-257.xml,270,920948,PH281375,,,,,auto
ILA-258.xml,271,929596,PH281376,,,,,auto
ILA-259.xml,272,939365,,,,,,SKIP-review
ILA-260.xml,273,942456,PH281378 PH281379,,,,,auto
ILA-261.xml,274,942457,PH281380 PH281381,,,,,auto
ILA-262.xml,275,942458,PH281382 PH281383 PH281384,,,,,auto
ILA-263.xml,276,939365,,,,,,SKIP-review
ILA-264.xml,277,942459,PH281385 PH281386 PH281387 PH281388,,,,,auto
ILA-265.xml,278,385365,PH281450 PH281389,50702300,,,,auto
ILA-266.xml,279,942460,PH281390 PH281391 PH281451,,,,,auto
ILA-267.xml,280,920949,PH281392,,,,,auto
ILA-268.xml,281,920950,PH281393,,,,,auto
ILA-269.xml,282,942461,PH281394 PH281395 PH281396,,,,,auto
ILA-270.xml,283,942462,PH281397 PH281398 PH281399,,,,,auto
ILA-271.xml,284,920951,PH281400,,,,,auto
ILA-272.xml,285,939365,,,,,,SKIP-review
ILA-273.xml,286,942463,PH281401 PH281402,,,,,auto
ILA-274.xml,287,942464,PH281403 PH281404,,,,,auto
ILA-275.xml,288,942465,PH281405 PH281406 PH281407,,,,,auto
ILA-276.xml,289,942466,PH281408 PH281409,,,,,auto
ILA-277.xml,290,920952,PH281410,,,,,auto
ILA-278.xml,291,942467,PH281411 PH281412,,,,,auto
ILA-279.xml,292,920953,PH281413,,,,,auto
ILA-280.xml,293,942468,PH281414 PH281415,,,,,auto
ILA-281.xml,294,942469,PH281416 PH281417,,,,,auto
ILA-282.xml,20,179207,PH298956,11200202,HD026976,,,auto
ILA-290.xml,24,569853,,17300648,,EDR169592,,auto
