ILA-N-001	CMRDM-II-PHARNACEIA-1
ILA-N-002	CMRDM-II-GANGRA-GERMANICOPOLIS-1
ILA-N-003	CMRDM-II-BITHYNIUM-CLAUDIOPOLIS-1
ILA-N-004	CMRDM-II-JULIOPOLIS-1
ILA-N-005	CMRDM-II-JULIOPOLIS-2
ILA-N-006	CMRDM-II-JULIOPOLIS-3
ILA-N-007	CMRDM-II-JULIOPOLIS-4
ILA-N-008	CMRDM-II-JULIOPOLIS-5
ILA-N-009	CMRDM-II-JULIOPOLIS-6
ILA-N-010	CMRDM-II-JULIOPOLIS-7
ILA-N-011	CMRDM-II-JULIOPOLIS-8
ILA-N-012	CMRDM-II-JULIOPOLIS-9
ILA-N-013	CMRDM-II-JULIOPOLIS-10
ILA-N-014	CMRDM-II-JULIOPOLIS-11
ILA-N-015	CMRDM-II-JULIOPOLIS-12
ILA-N-016	CMRDM-II-JULIOPOLIS-13
ILA-N-017	CMRDM-II-JULIOPOLIS-14
ILA-N-018	CMRDM-II-JULIOPOLIS-15
ILA-N-019	CMRDM-II-JULIOPOLIS-16
ILA-N-020	CMRDM-II-JULIOPOLIS-17
ILA-N-021	CMRDM-II-ELAIA-1
ILA-N-022	CMRDM-II-ELAIA-2
ILA-N-023	CMRDM-II-MAGNESIA-1
ILA-N-024	CMRDM-II-MAGNESIA-2
ILA-N-025	CMRDM-II-MAGNESIA-3
ILA-N-026	CMRDM-II-MAGNESIA-4
ILA-N-027	CMRDM-II-MAGNESIA-5
ILA-N-028	CMRDM-II-MAGNESIA-6
ILA-N-029	CMRDM-II-MAGNESIA-7
ILA-N-030	CMRDM-II-MAGNESIA-8
ILA-N-031	CMRDM-II-MAGNESIA-9
ILA-N-032	CMRDM-II-PRIENE-1
ILA-N-033	CMRDM-II-PRIENE-2
ILA-N-034	CMRDM-II-PRIENE-3
ILA-N-035	CMRDM-II-PRIENE-4
ILA-N-036	CMRDM-II-PRIENE-5
ILA-N-037	CMRDM-II-PRIENE-6
ILA-N-038	CMRDM-II-PRIENE-7
ILA-N-039	CMRDM-II-BAGEIS-1
ILA-N-040	CMRDM-II-BAGEIS-2
ILA-N-041	CMRDM-II-BAGEIS-3
ILA-N-042	CMRDM-II-GORDUS-JULIA-1
ILA-N-043	CMRDM-II-GORDUS-JULIA-2
ILA-N-044	CMRDM-II-GORDUS-JULIA-3
ILA-N-045	CMRDM-II-GORDUS-JULIA-4
ILA-N-046	CMRDM-II-GORDUS-JULIA-5
ILA-N-047	CMRDM-II-GORDUS-JULIA-6
ILA-N-048	CMRDM-II-GORDUS-JULIA-7
ILA-N-049	CMRDM-II-GORDUS-JULIA-8
ILA-N-050	CMRDM-II-MAEONIA-1
ILA-N-051	CMRDM-II-MAEONIA-2
ILA-N-052	CMRDM-II-NYSA-1
ILA-N-053	CMRDM-II-NYSA-2
ILA-N-054	CMRDM-II-NYSA-3
ILA-N-055	CMRDM-II-NYSA-4
ILA-N-056	CMRDM-II-NYSA-5
ILA-N-057	CMRDM-II-NYSA-6
ILA-N-058	CMRDM-II-NYSA-7
ILA-N-059	CMRDM-II-NYSA-8
ILA-N-060	CMRDM-II-NYSA-9
ILA-N-061	CMRDM-II-NYSA-10
ILA-N-062	CMRDM-II-NYSA-11
ILA-N-063	CMRDM-II-NYSA-12
ILA-N-064	CMRDM-II-NYSA-13
ILA-N-065	CMRDM-II-NYSA-14
ILA-N-066	CMRDM-II-NYSA-15
ILA-N-067	CMRDM-II-NYSA-16
ILA-N-068	CMRDM-II-NYSA-17
ILA-N-069	CMRDM-II-NYSA-18
ILA-N-070	CMRDM-II-NYSA-19
ILA-N-071	CMRDM-II-NYSA-20
ILA-N-072	CMRDM-II-NYSA-21
ILA-N-073	CMRDM-II-NYSA-22
ILA-N-074	CMRDM-II-NYSA-23
ILA-N-075	CMRDM-II-NYSA-24
ILA-N-076	CMRDM-II-NYSA-25
ILA-N-077	CMRDM-II-NYSA-26
ILA-N-078	CMRDM-II-NYSA-27
ILA-N-079	CMRDM-II-NYSA-28
ILA-N-080	CMRDM-II-NYSA-29
ILA-N-081	CMRDM-II-NYSA-30
ILA-N-082	CMRDM-II-NYSA-31
ILA-N-083	CMRDM-II-NYSA-32
ILA-N-084	CMRDM-II-NYSA-33
ILA-N-085	CMRDM-II-NYSA-34
ILA-N-086	CMRDM-II-NYSA-35
ILA-N-087	CMRDM-II-NYSA-36
ILA-N-088	CMRDM-II-NYSA-37
ILA-N-089	CMRDM-II-NYSA-38
ILA-N-090	CMRDM-II-NYSA-39
ILA-N-091	CMRDM-II-NYSA-40
ILA-N-092	CMRDM-II-NYSA-41
ILA-N-093	CMRDM-II-NYSA-42
ILA-N-094	CMRDM-II-NYSA-43
ILA-N-095	CMRDM-II-SAITTA-1
ILA-N-096	CMRDM-II-SAITTA-2
ILA-N-097	CMRDM-II-SAITTA-3
ILA-N-098	CMRDM-II-SAITTA-4
ILA-N-099	CMRDM-II-SAITTA-5
ILA-N-100	CMRDM-II-SAITTA-6
ILA-N-101	CMRDM-II-SAITTA-7
ILA-N-102	CMRDM-II-SAITTA-8
ILA-N-103	CMRDM-II-SAITTA-9
ILA-N-104	CMRDM-II-SAITTA-10
ILA-N-105	CMRDM-II-SAITTA-11
ILA-N-106	CMRDM-II-SAITTA-12
ILA-N-107	CMRDM-II-SAITTA-13
ILA-N-108	CMRDM-II-SAITTA-14
ILA-N-109	CMRDM-II-SAITTA-15
ILA-N-110	CMRDM-II-SAITTA-16
ILA-N-111	CMRDM-II-SAITTA-17
ILA-N-112	CMRDM-II-SAITTA-18
ILA-N-113	CMRDM-II-SARDIS-1
ILA-N-114	CMRDM-II-SARDIS-2
ILA-N-115	CMRDM-II-SARDIS-3
ILA-N-116	CMRDM-II-SARDIS-4
ILA-N-117	CMRDM-II-SARDIS-5
ILA-N-118	CMRDM-II-SARDIS-6
ILA-N-119	CMRDM-II-SARDIS-7
ILA-N-120	CMRDM-II-SARDIS-8
ILA-N-121	CMRDM-II-SARDIS-9
ILA-N-122	CMRDM-II-SARDIS-10
ILA-N-123	CMRDM-II-SARDIS-11
ILA-N-124	CMRDM-II-SARDIS-12
ILA-N-125	CMRDM-II-SARDIS-13
ILA-N-126	CMRDM-II-SILANDUS-1
ILA-N-127	CMRDM-II-SILANDUS-2
ILA-N-128	CMRDM-II-SILANDUS-3
ILA-N-129	CMRDM-II-SILANDUS-4
ILA-N-130	CMRDM-II-APHRODISIAS-1
ILA-N-131	CMRDM-II-ATTOUDA-1
ILA-N-132	CMRDM-II-ATTOUDA-2
ILA-N-133	CMRDM-II-ATTOUDA-3
ILA-N-134	CMRDM-II-CIDRAMA-1
ILA-N-135	CMRDM-II-TRAPEZOPOLIS-1
ILA-N-136	CMRDM-II-TRAPEZOPOLIS-2
ILA-N-137	CMRDM-II-TRAPEZOPOLIS-3
ILA-N-138	CMRDM-II-TRAPEZOPOLIS-4
ILA-N-139	CMRDM-II-TRAPEZOPOLIS-5
ILA-N-140	CMRDM-II-ACCILAEUM-1
ILA-N-141	CMRDM-II-ALIA-1
ILA-N-142	CMRDM-II-ALIA-2
ILA-N-143	CMRDM-II-ALIA-3
ILA-N-144	CMRDM-II-ALIA-4
ILA-N-145	CMRDM-II-ALIA-5
ILA-N-146	CMRDM-II-ALIA-6
ILA-N-147	CMRDM-II-ALIA-7
ILA-N-148	CMRDM-II-APAMEIA-1
ILA-N-149	CMRDM-II-CIBYRA-1
ILA-N-150	CMRDM-II-CIBYRA-2
ILA-N-151	CMRDM-II-CIBYRA-3
ILA-N-152	CMRDM-II-CIBYRA-4
ILA-N-153	CMRDM-II-CIBYRA-5
ILA-N-154	CMRDM-II-COLOSSAE-1
ILA-N-155	CMRDM-II-COLOSSAE-2
ILA-N-156	CMRDM-II-ERIZA-1
ILA-N-157	CMRDM-II-GRIMENOTHYRAE-1
ILA-N-158	CMRDM-II-GRIMENOTHYRAE-2
ILA-N-159	CMRDM-II-GRIMENOTHYRAE-3
ILA-N-160	CMRDM-II-GRIMENOTHYRAE-4
ILA-N-161	CMRDM-II-HADRIANOPOLIS-1
ILA-N-162	CMRDM-II-HADRIANOPOLIS-2
ILA-N-163	CMRDM-II-HADRIANOPOLIS-3
ILA-N-164	CMRDM-II-HIERAPOLIS-1
ILA-N-165	CMRDM-II-HIERAPOLIS-2
ILA-N-166	CMRDM-II-HIERAPOLIS-3
ILA-N-167	CMRDM-II-HIERAPOLIS-4
ILA-N-168	CMRDM-II-HIERAPOLIS-5
ILA-N-169	CMRDM-II-HIERAPOLIS-6
ILA-N-170	CMRDM-II-HIERAPOLIS-7
ILA-N-171	CMRDM-II-HIERAPOLIS-8
ILA-N-172	CMRDM-II-HIEROPOLIS-1
ILA-N-173	CMRDM-II-HIEROPOLIS-2
ILA-N-174	CMRDM-II-HYDRELA-1
ILA-N-175	CMRDM-II-HYDRELA-2
ILA-N-176	CMRDM-II-HYDRELA-3
ILA-N-177	CMRDM-II-HYDRELA-4
ILA-N-178	CMRDM-II-HYDRELA-5
ILA-N-179	CMRDM-II-HYRGALEIS-1
ILA-N-180	CMRDM-II-JULIA-1
ILA-N-181	CMRDM-II-JULIA-2
ILA-N-182	CMRDM-II-JULIA-3
ILA-N-183	CMRDM-II-JULIA-4
ILA-N-184	CMRDM-II-LAODICEIA-1
ILA-N-185	CMRDM-II-LAODICEIA-2
ILA-N-186	CMRDM-II-LAODICEIA-3
ILA-N-187	CMRDM-II-LAODICEIA-4
ILA-N-188	CMRDM-II-LAODICEIA-5
ILA-N-189	CMRDM-II-LAODICEIA-6
ILA-N-190	CMRDM-II-METROPOLIS-1
ILA-N-191	CMRDM-II-METROPOLIS-2
ILA-N-192	CMRDM-II-METROPOLIS-3
ILA-N-193	CMRDM-II-MIDAEUM-1
ILA-N-194	CMRDM-II-PALEOBEUDUS-1
ILA-N-195	CMRDM-II-PHILOMELIUM-1
ILA-N-196	CMRDM-II-PHILOMELIUM-2
ILA-N-197	CMRDM-II-PHILOMELIUM-3
ILA-N-198	CMRDM-II-PRYMNESSUS-1
ILA-N-199	CMRDM-II-PRYMNESSUS-2
ILA-N-200	CMRDM-II-SEBASTE-1
ILA-N-201	CMRDM-II-SEBASTE-2
ILA-N-202	CMRDM-II-SEBASTE-3
ILA-N-203	CMRDM-II-SEBASTE-4
ILA-N-204	CMRDM-II-SEBASTE-5
ILA-N-205	CMRDM-II-SIBLIA-1
ILA-N-206	CMRDM-II-SIBLIA-2
ILA-N-207	CMRDM-II-SIBLIA-3
ILA-N-208	CMRDM-II-SIBLIA-4
ILA-N-209	CMRDM-II-SIBLIA-5
ILA-N-210	CMRDM-II-SYNNADA-1
ILA-N-211	CMRDM-II-SYNNADA-2
ILA-N-212	CMRDM-II-SYNNADA-3
ILA-N-213	CMRDM-II-TEMENOTHYRAE-1
ILA-N-214	CMRDM-II-TEMENOTHYRAE-2
ILA-N-215	CMRDM-II-TEMENOTHYRAE-3
ILA-N-216	CMRDM-II-TEMENOTHYRAE-4
ILA-N-217	CMRDM-II-TEMENOTHYRAE-5
ILA-N-218	CMRDM-II-TEMENOTHYRAE-6
ILA-N-219	CMRDM-II-TEMENOTHYRAE-7
ILA-N-220	CMRDM-II-TEMENOTHYRAE-8
ILA-N-221	CMRDM-II-TEMENOTHYRAE-9
ILA-N-222	CMRDM-II-TEMENOTHYRAE-10
ILA-N-223	CMRDM-II-TEMENOTHYRAE-11
ILA-N-224	CMRDM-II-ANTIOCH-1
ILA-N-225	CMRDM-II-ANTIOCH-2
ILA-N-226	CMRDM-II-ANTIOCH-3
ILA-N-227	CMRDM-II-ANTIOCH-4
ILA-N-228	CMRDM-II-ANTIOCH-5
ILA-N-229	CMRDM-II-ANTIOCH-6
ILA-N-230	CMRDM-II-ANTIOCH-7
ILA-N-231	CMRDM-II-ANTIOCH-8
ILA-N-232	CMRDM-II-ANTIOCH-9
ILA-N-233	CMRDM-II-ANTIOCH-10
ILA-N-234	CMRDM-II-ANTIOCH-11
ILA-N-235	CMRDM-II-ANTIOCH-12
ILA-N-236	CMRDM-II-ANTIOCH-13
ILA-N-237	CMRDM-II-ANTIOCH-14
ILA-N-238	CMRDM-II-ANTIOCH-15
ILA-N-239	CMRDM-II-ANTIOCH-16
ILA-N-240	CMRDM-II-ANTIOCH-17
ILA-N-241	CMRDM-II-ANTIOCH-18
ILA-N-242	CMRDM-II-ANTIOCH-19
ILA-N-243	CMRDM-II-ANTIOCH-20
ILA-N-244	CMRDM-II-ANTIOCH-21
ILA-N-245	CMRDM-II-ANTIOCH-22
ILA-N-246	CMRDM-II-ANTIOCH-23
ILA-N-247	CMRDM-II-ANTIOCH-24
ILA-N-248	CMRDM-II-ANTIOCH-25
ILA-N-249	CMRDM-II-ANTIOCH-26
ILA-N-250	CMRDM-II-ANTIOCH-27
ILA-N-251	CMRDM-II-ANTIOCH-28
ILA-N-252	CMRDM-II-ANTIOCH-29
ILA-N-253	CMRDM-II-ANTIOCH-30
ILA-N-254	CMRDM-II-ANTIOCH-31
ILA-N-255	CMRDM-II-ANTIOCH-32
ILA-N-256	CMRDM-II-ANTIOCH-33
ILA-N-257	CMRDM-II-ANTIOCH-34
ILA-N-258	CMRDM-II-ANTIOCH-35
ILA-N-259	CMRDM-II-ANTIOCH-36
ILA-N-260	CMRDM-II-ANTIOCH-37
ILA-N-261	CMRDM-II-ANTIOCH-38
ILA-N-262	CMRDM-II-ANTIOCH-39
ILA-N-263	CMRDM-II-ANTIOCH-40
ILA-N-264	CMRDM-II-ANTIOCH-41
ILA-N-265	CMRDM-II-ANTIOCH-42
ILA-N-266	CMRDM-II-ANTIOCH-43
ILA-N-267	CMRDM-II-ANTIOCH-44
ILA-N-268	CMRDM-II-ANTIOCH-45
ILA-N-269	CMRDM-II-ANTIOCH-46
ILA-N-270	CMRDM-II-ANTIOCH-47
ILA-N-271	CMRDM-II-ANTIOCH-48
ILA-N-272	CMRDM-II-ANTIOCH-49
ILA-N-273	CMRDM-II-ANTIOCH-50
ILA-N-274	CMRDM-II-ANTIOCH-51
ILA-N-275	CMRDM-II-ANTIOCH-52
ILA-N-276	CMRDM-II-ANTIOCH-53
ILA-N-277	CMRDM-II-ANTIOCH-54
ILA-N-278	CMRDM-II-ANTIOCH-55
ILA-N-279	CMRDM-II-ANTIOCH-56
ILA-N-280	CMRDM-II-ANTIOCH-57
ILA-N-281	CMRDM-II-ANTIOCH-58
ILA-N-282	CMRDM-II-ANTIOCH-59
ILA-N-283	CMRDM-II-ANTIOCH-60
ILA-N-284	CMRDM-II-APOLLONIA-PISIDIAE-1
ILA-N-285	CMRDM-II-APOLLONIA-PISIDIAE-2
ILA-N-286	CMRDM-II-ARIASSUS-1
ILA-N-287	CMRDM-II-BARIS-1
ILA-N-288	CMRDM-II-BARIS-2
ILA-N-289	CMRDM-II-BARIS-3
ILA-N-290	CMRDM-II-BARIS-4
ILA-N-291	CMRDM-II-BARIS-5
ILA-N-292	CMRDM-II-BARIS-6
ILA-N-293	CMRDM-II-BARIS-7
ILA-N-294	CMRDM-II-COLBASA-1
ILA-N-295	CMRDM-II-COLBASA-2
ILA-N-296	CMRDM-II-CONANA-1
ILA-N-297	CMRDM-II-CONANA-2
ILA-N-298	CMRDM-II-CONANA-3
ILA-N-299	CMRDM-II-CONANA-4
ILA-N-300	CMRDM-II-LYSINIA-1
ILA-N-301	CMRDM-II-OLBASA-1
ILA-N-302	CMRDM-II-OLBASA-2
ILA-N-303	CMRDM-II-OLBASA-3
ILA-N-304	CMRDM-II-OLBASA-4
ILA-N-305	CMRDM-II-PALAEOPOLIS-1
ILA-N-306	CMRDM-II-PALAEOPOLIS-2
ILA-N-307	CMRDM-II-PALAEOPOLIS-3
ILA-N-308	CMRDM-II-PALAEOPOLIS-4
ILA-N-309	CMRDM-II-PAPPA-TIBERIA-1
ILA-N-310	CMRDM-II-PARLAIS-1
ILA-N-311	CMRDM-II-PARLAIS-2
ILA-N-312	CMRDM-II-PARLAIS-3
ILA-N-313	CMRDM-II-PARLAIS-4
ILA-N-314	CMRDM-II-PARLAIS-5
ILA-N-315	CMRDM-II-PARLAIS-6
ILA-N-316	CMRDM-II-PARLAIS-7
ILA-N-317	CMRDM-II-PARLAIS-8
ILA-N-318	CMRDM-II-PARLAIS-9
ILA-N-319	CMRDM-II-PROSTANNA-1
ILA-N-320	CMRDM-II-PROSTANNA-2
ILA-N-321	CMRDM-II-SAGALASSUS-1
ILA-N-322	CMRDM-II-SAGALASSUS-2
ILA-N-323	CMRDM-II-SAGALASSUS-3
ILA-N-324	CMRDM-II-SAGALASSUS-4
ILA-N-325	CMRDM-II-SAGALASSUS-5
ILA-N-326	CMRDM-II-SAGALASSUS-6
ILA-N-327	CMRDM-II-SAGALASSUS-7
ILA-N-328	CMRDM-II-SAGALASSUS-8
ILA-N-329	CMRDM-II-SAGALASSUS-9
ILA-N-330	CMRDM-II-SAGALASSUS-10
ILA-N-331	CMRDM-II-SAGALASSUS-11
ILA-N-332	CMRDM-II-SAGALASSUS-12
ILA-N-333	CMRDM-II-SAGALASSUS-13
ILA-N-334	CMRDM-II-SAGALASSUS-14
ILA-N-335	CMRDM-II-SAGALASSUS-15
ILA-N-336	CMRDM-II-SAGALASSUS-16
ILA-N-337	CMRDM-II-SAGALASSUS-17
ILA-N-338	CMRDM-II-SAGALASSUS-18
ILA-N-339	CMRDM-II-SAGALASSUS-19
ILA-N-340	CMRDM-II-SAGALASSUS-20
ILA-N-341	CMRDM-II-SAGALASSUS-21
ILA-N-342	CMRDM-II-SAGALASSUS-22
ILA-N-343	CMRDM-II-SAGALASSUS-23
ILA-N-344	CMRDM-II-SAGALASSUS-24
ILA-N-345	CMRDM-II-SAGALASSUS-25
ILA-N-346	CMRDM-II-SAGALASSUS-26
ILA-N-347	CMRDM-II-SAGALASSUS-27
ILA-N-348	CMRDM-II-SELEUCEIA-1
ILA-N-349	CMRDM-II-SELEUCEIA-2
ILA-N-350	CMRDM-II-SELEUCEIA-3
ILA-N-351	CMRDM-II-SELEUCEIA-4
ILA-N-352	CMRDM-II-SELEUCEIA-5
ILA-N-353	CMRDM-II-SELEUCEIA-6
ILA-N-354	CMRDM-II-SELEUCEIA-7
ILA-N-355	CMRDM-II-SELEUCEIA-8
ILA-N-356	CMRDM-II-SELEUCEIA-9
ILA-N-357	CMRDM-II-SELEUCEIA-10
ILA-N-358	CMRDM-II-SELEUCEIA-11
ILA-N-359	CMRDM-II-SELEUCEIA-12
ILA-N-360	CMRDM-II-SELEUCEIA-13
ILA-N-361	CMRDM-II-SELEUCEIA-14
ILA-N-362	CMRDM-II-SIBIDUNDA-1
ILA-N-363	CMRDM-II-TIMBRIAS-1
ILA-N-364	CMRDM-II-TIMBRIAS-2
ILA-N-365	CMRDM-II-TIMBRIAS-3
ILA-N-366	CMRDM-II-TIMBRIAS-4
ILA-N-367	CMRDM-II-ATTALEIA-1
ILA-N-368	CMRDM-II-ATTALEIA-2
ILA-N-369	CMRDM-II-SILLYON-1
ILA-N-370	CMRDM-II-SILLYON-2
ILA-N-371	CMRDM-II-SILLYON-3
ILA-N-372	CMRDM-II-SILLYON-4
ILA-N-373	CMRDM-II-SILLYON-5
ILA-N-374	CMRDM-II-SILLYON-6
ILA-N-375	CMRDM-II-SILLYON-7
ILA-N-376	CMRDM-II-SILLYON-8
ILA-N-377	CMRDM-II-SILLYON-9
ILA-N-378	CMRDM-II-SILLYON-10
ILA-N-379	CMRDM-II-SILLYON-11
ILA-N-380	CMRDM-II-SILLYON-12
ILA-N-381	CMRDM-II-SILLYON-13
ILA-N-382	CMRDM-II-SILLYON-14
ILA-N-383	CMRDM-II-SILLYON-15
ILA-N-384	CMRDM-II-SILLYON-16
ILA-N-385	CMRDM-II-SILLYON-17
ILA-N-386	CMRDM-II-SILLYON-18
ILA-N-387	CMRDM-II-SILLYON-19
ILA-N-388	CMRDM-II-SILLYON-20
ILA-N-389	CMRDM-II-SILLYON-21
ILA-N-390	CMRDM-II-SILLYON-22
ILA-N-391	CMRDM-II-SILLYON-23
ILA-N-392	CMRDM-II-SILLYON-24
ILA-N-393	CMRDM-II-SILLYON-25
ILA-N-394	CMRDM-II-SILLYON-26
ILA-N-395	CMRDM-II-SILLYON-27
ILA-N-396	CMRDM-II-SILLYON-28
ILA-N-397	CMRDM-II-SILLYON-29
ILA-N-398	CMRDM-II-SILLYON-30
ILA-N-399	CMRDM-II-SILLYON-31
ILA-N-400	CMRDM-II-SILLYON-32
ILA-N-401	CMRDM-II-SILLYON-33
ILA-N-402	CMRDM-II-SILLYON-34
ILA-N-403	CMRDM-II-SILLYON-35
ILA-N-404	CMRDM-II-SILLYON-36
ILA-N-405	CMRDM-II-SILLYON-37
ILA-N-406	CMRDM-II-SILLYON-38
ILA-N-407	CMRDM-II-SILLYON-39
ILA-N-408	CMRDM-II-SILLYON-40
ILA-N-409	CMRDM-II-SILLYON-41
ILA-N-410	CMRDM-II-SILLYON-42
ILA-N-411	CMRDM-II-SILLYON-43
ILA-N-412	CMRDM-II-SILLYON-44
ILA-N-413	CMRDM-II-SILLYON-45
ILA-N-414	CMRDM-II-SILLYON-46
ILA-N-415	CMRDM-II-SILLYON-47
ILA-N-416	CMRDM-II-SILLYON-48
ILA-N-417	CMRDM-II-SILLYON-49
ILA-N-418	CMRDM-II-SILLYON-50
ILA-N-419	CMRDM-II-SILLYON-51
ILA-N-420	CMRDM-II-SILLYON-52
ILA-N-421	CMRDM-II-SILLYON-53
ILA-N-422	CMRDM-II-SILLYON-54
ILA-N-423	CMRDM-II-GALATIA-1
ILA-N-424	CMRDM-II-GALATIA-2
ILA-N-425	CMRDM-II-GALATIA-3
ILA-N-426	CMRDM-II-GALATIA-4
ILA-N-427	CMRDM-II-GALATIA-5
ILA-N-428	CMRDM-II-GALATIA-6
ILA-N-429	CMRDM-II-GALATIA-7
ILA-N-430	CMRDM-II-GALATIA-8
ILA-N-431	CMRDM-II-ANCYRA-1
ILA-N-432	CMRDM-II-ANCYRA-2
ILA-N-433	CMRDM-II-ANCYRA-3
ILA-N-434	CMRDM-II-ANCYRA-4
ILA-N-435	CMRDM-II-ANCYRA-5
ILA-N-436	CMRDM-II-ANCYRA-6
ILA-N-437	CMRDM-II-ANCYRA-7
ILA-N-438	CMRDM-II-ANCYRA-8
ILA-N-439	CMRDM-II-ANCYRA-9
ILA-N-440	CMRDM-II-ANCYRA-10
ILA-N-441	CMRDM-II-ANCYRA-11
ILA-N-442	CMRDM-II-ANCYRA-12
ILA-N-443	CMRDM-II-ANCYRA-13
ILA-N-444	CMRDM-II-ANCYRA-14
ILA-N-445	CMRDM-II-ANCYRA-15
ILA-N-446	CMRDM-II-UNCERTAIN-ANCYRA-1
ILA-N-447	CMRDM-II-GERME-1
ILA-N-448	CMRDM-II-PESSINUS-1
ILA-N-449	CMRDM-II-PESSINUS-2
ILA-N-450	CMRDM-II-PESSINUS-3
ILA-N-451	CMRDM-II-PESSINUS-4
ILA-N-452	CMRDM-II-LAODICEIA-AD-LIBANUM-1
ILA-N-453	CMRDM-II-LAODICEIA-AD-LIBANUM-2
ILA-N-454	CMRDM-II-LAODICEIA-AD-LIBANUM-3
ILA-N-455	CMRDM-II-LAODICEIA-AD-LIBANUM-4
ILA-N-456	CMRDM-II-IMPERIAL-CISTOPHORI-1
ILA-N-457	CMRDM-II-G1
ILA-N-458	CMRDM-II-G2
ILA-N-459	CMRDM-II-G3
ILA-N-460	CMRDM-II-G4
ILA-N-461	CMRDM-II-G5
ILA-N-462	CMRDM-II-G6
ILA-N-463	CMRDM-II-G7
ILA-N-464	CMRDM-II-G8
ILA-N-465	CMRDM-II-G9
ILA-N-466	CMRDM-II-G10
ILA-N-467	CMRDM-II-G11
ILA-N-468	CMRDM-II-G12
ILA-N-469	CMRDM-II-G13
ILA-N-470	CMRDM-II-G14
ILA-N-471	CMRDM-II-G15
ILA-N-472	CMRDM-II-G16
ILA-N-473	CMRDM-II-G17
ILA-N-474	CMRDM-II-G18
ILA-N-475	CMRDM-II-G19
