dicitura,occorrenze,markup_interno,schede_ILA
"Lane, II, p. 47",7,,ILA-236 ILA-237 ILA-238 ILA-239 ILA-240 ILA-241 ILA-242
"Robert, REG, LXXVI, 1963, p. 168, no. 227",5,,ILA-026 ILA-036 ILA-037 ILA-039 ILA-043
"Daremberg-Saglio, III, ii, p. 1397",4,,ILA-094 ILA-096 ILA-098 ILA-107
"Drexler, op. cit., col. 2725",3,,ILA-111 ILA-133 ILA-134
"K-P, II Reise, p. 105",2,,ILA-012 ILA-038
"P. Foucart, BCH, IV, 1880, p. 129",2,,ILA-025 ILA-098
"Robert, REG, LXXVI, 1963, p. 168, no. 233",2,,ILA-040 ILA-041
"Lane, I, p. 52, no. A11",2,,ILA-040 ILA-043
"Drexler, op. cit., col. 2709",2,,ILA-055 ILA-056
"Drexler, op. cit., col. 2711",2,,ILA-059 ILA-060
"Lane, I, p. 23, no. 5",2,,ILA-060 ILA-061
"Perdrizet, op. cit., p. 63",2,,ILA-070 ILA-071
"Drexler, loc. cit.",2,,ILA-107 ILA-108
"Drexler, op. cit., col. 2720",2,,ILA-120 ILA-124
"Lane, I, loc. cit.",2,,ILA-245 ILA-246
"Drexler, op. cit., col. 2730",2,,ILA-284 ILA-287
"Drexler, op. cit., col. 2699",2,,ILA-285 ILA-286
"Perdrizet, op. cit., p. 76, note 1",2,,ILA-285 ILA-286
"Lane, CMRDM I 29",1,,ILA-001
"Kern, Wochenschrift für Klassische Philologie, 1894, col. 907",1,,ILA-001
"Kern, Archäologischer Anzeiger, 1894, p. 124",1,,ILA-001
"Lane, I, p. 14, no. 2",1,,ILA-001
"O. Kern, Die Inschriften von Magnesia am Mäander, Berlin, 1900, pp. 143-4, no. 227",1,,ILA-001
"Lane, CMRDM I 30",1,,ILA-002
"Lane, I, p. 14, no. 3",1,,ILA-002
"Mitteilungen des Deutschen Archäologischen Instituts, Athenische Abteilung, vol. 37, 1912, p. 285, n. 10.",1,,ILA-002
"Lane, CMRDM I 31",1,,ILA-003
"Mouseion kai Bibliotheke, III, 1-2, 1878-80, p. 167, no. τλε'",1,,ILA-003
"Drexler, op. cit., col. 2700, no. 1",1,,ILA-003
"Perdrizet, op. cit., p. 58, no. 4",1,,ILA-003
"J. Keil and A. von Premerstein, Bericht über eine Zweite Reise in Lydien (K-P, II Reise), p. 95, col. 2",1,,ILA-003
"Lane, I, p. 15, Lydia no. 1",1,,ILA-003
"Lane, CMRDM I 32",1,,ILA-004
"Mouseion kai Bibliotheke, III, 1-2, 1878-80, p. 167, no. τλθ'",1,,ILA-004
"Drexler, op. cit., col. 2700, no. 2",1,,ILA-004
"Perdrizet, op. cit., p. 58, no. 3",1,,ILA-004
"Lane, I, Lydia, no. 2",1,,ILA-004
"Lane, CMRDM I 33",1,,ILA-005
"CIG, (1828-77), 3448",1,,ILA-005
"G. Keppel, Narrative of a journey across the Balcan, London, 1831, II, p. 357, no. 1",1,,ILA-005
"P. LeBas and W.H. Waddington, Voyage Archéologique en Grèce et en Asie Mineure, Paris ca. 1870, III, i, p. 217, no. 680",1,,ILA-005
"Drexler, col. 2700, no. 4",1,,ILA-005
"Lane, I, p. 15, Lydia, no. 4",1,,ILA-005
"Lane, CMRDM I 34",1,,ILA-006
"LeBas-Waddington, op. cit., III, i, p. 214-15, no. 678",1,,ILA-006
"Drexler, op. cit., col. 2702, no. 12",1,,ILA-006
"W. Ramsay, BCH, XXII, 1898, p. 239",1,,ILA-006
"F. Poland, Geschichte des griechischen Vereinswesens, Leipzig, 1909, p. 218",1,,ILA-006
"K-P, II Reise, p. 94, no. 183",1,,ILA-006
"Lane, I, p. 16, no. 10",1,,ILA-006
"Lane, CMRDM I 35",1,,ILA-007
"Mouseion kai Bibliotheke, V, i, 1884-5, p. 54, no. υλγ'",1,,ILA-007
"Drexler, op. cit., col. 2703, no. 16",1,,ILA-007
"S. Reinach, RA, 1886, I, p. 156",1,,ILA-007
"G. Leemans, Grieksche Opschriften uit Klein-Azie, Amsterdam, 1886, pp. 10-11, no. 4",1,,ILA-007
"H.J. Polak, Mnemosyne, XV, 1887, p. 252ff., no. 4",1,,ILA-007
"Ramsay, JHS, X, 1889, p. 226, no. 20",1,,ILA-007
"Perdrizet, op. cit., p. 58, no. 2",1,,ILA-007
"Steinleitner, Die Beicht, Munich 1913, pp. 22-23, no. 4",1,,ILA-007
"H.W. Pleket, Greek Inscriptions in the Rijksmuseum van Oudheden at Leiden, 1958, App. II, no. 4",1,,ILA-007
"Lane, I, p. 17, no. 14",1,,ILA-007
"Lane, CMRDM I 36",1,,ILA-008
"Le Bas-Waddington, III, i, p. 215, no. 685",1,,ILA-008
"Drexler, op. cit., col. 2704, no. 21",1,,ILA-008
"Lane, I, p. 17, no. 18",1,,ILA-008
"Lane, CMRDM I 37",1,,ILA-009
"Le Bas-Waddington, op. cit., III, i, p. 215, no. 686",1,,ILA-009
"K-P, II Reise, p. 95, no. 184",1,,ILA-009
"Lane, I, p. 19, no. 27",1,,ILA-009
"Lane, CMRDM I 38",1,,ILA-010
"K-P, II Reise, p. 95, no. 185",1,,ILA-010
"Lane, I, p. 18, no. 22",1,,ILA-010
"Lane, CMRDM I 39",1,,ILA-011
"L. Robert, Nouvelles Inscriptions de Sardes, Paris, 1964, pp. 35-6 and Plate III, no. 1",1,,ILA-011
"Lane, II, p. 46, no. 8",1,,ILA-011
"Lane, CMRDM I 40",1,,ILA-012
"Mouseion kai Bibliotheke, 1885/6, 2, p. 804, no. φοε'",1,,ILA-012
"Drexler, op. cit., col. 2700, no. 3",1,,ILA-012
"Smirnoff, op. cit., p. 93, no. 15",1,,ILA-012
"Perdrizet, op. cit., p. 58, top, no. 6",1,,ILA-012
"P. Herrmann, Ergebnisse einer Reise in Nordostlydien, 1962, p. 45, note 176",1,,ILA-012
"Lane, I, p. 15, Lydia no. 3",1,,ILA-012
"Lane, CMRDM I 41",1,,ILA-013
"Drexler, op. cit., col. 2702, no. 9",1,,ILA-013
"K. Buresch, Reisebericht II, Leipzig, 1894, p. 95",1,,ILA-013
"Perdrizet, op. cit., p. 58, top, no. 7",1,,ILA-013
"Buresch, Aus Lydien, Leipzig, 1898, p. 79, no. 39",1,,ILA-013
"Lane, I, p. 15, Lydia no. 7",1,,ILA-013
"Lane, CMRDM I 42",1,,ILA-014
"K-P, II Reise, p. 103, no. 204",1,,ILA-014
"Steinleitner, op. cit., p. 10, no. 1",1,,ILA-014
"M. Rostovzeff, SEHRE², Oxford, 1957, p. 656, note 6",1,,ILA-014
"Herrmann, op. cit., p. 45, note 174",1,,ILA-014
"Lane, I, p. 18, no. 20",1,,ILA-014
"Lane, CMRDM I 43",1,,ILA-015
"*A. Fontrier, Harmonia, 20 and 31 May 1900, no. 2",1,,ILA-015
"J. Zingerle, JÖAI, XXIII, 1926, Beiblatt, cols. 1-15 and fig. 1",1,,ILA-015
"SEG, IV, 1930, p. 123, no. 647",1,,ILA-015
"Rostovzeff, SEHRE², p. 656, note 6",1,,ILA-015
"Herrmann, op. cit., p. 30, note 102",1,,ILA-015
"Lane, I, p. 18, no. 24",1,,ILA-015
"Lane, CMRDM I 45",1,,ILA-016
"*Fontrier, loc. cit., no. 4",1,,ILA-016
"Zingerle, op. cit., col. 27, no. 4",1,,ILA-016
"SEG, IV, p. 125, no. 650",1,,ILA-016
"Lane, I, p. 19, no. 26",1,,ILA-016
"Lane, CMRDM I 46",1,,ILA-017
"K-P, II Reise, p. 105, no. 205",1,,ILA-017
"Herrmann, op. cit., p. 45, note 176",1,,ILA-017
"Lane, I, p. 18, no. 21",1,,ILA-017
"Lane, CMRDM I 47",1,,ILA-018
"Herrmann, op. cit., p. 24, no. 18, Plate VI, no. 1",1,,ILA-018
"Robert, REG, LXXVI, 1963, p. 166-7, no. 224",1,,ILA-018
"Lane, I, p. 50, no. A1",1,,ILA-018
"Lane, CMRDM I 48",1,,ILA-019
"Herrmann, op. cit., p. 46, no. 40, Plate XIII, no. 1",1,,ILA-019
"Lane, I, p. 51, no. A6",1,,ILA-019
"Lane, CMRDM I 49",1,,ILA-020
"Fontrier, Mouseion kai Bibliotheke, V, ii, 1886, p. 82, no. φοη'",1,,ILA-020
"Drexler, op. cit., col. 2704, no. 19",1,,ILA-020
"Smirnoff, op. cit., p. 98, no. 34",1,,ILA-020
"Perdrizet, op. cit., p. 58, top, no. 5",1,,ILA-020
"Lane, I, p. 17, note 49",1,,ILA-020
"Lane, CMRDM I 50",1,,ILA-021
"Lane, AS, XX, 1970, pp. 51-52 and Pl. VIb",1,,ILA-021
"Lane, CMRDM I 51",1,,ILA-022
"Drexler, op. cit., col. 2703-4, no. 18",1,,ILA-022
"Mouseion kai Bibliotheke, V, ii, 1885-6, p. 84-5, no. ρος'",1,,ILA-022
"Ramsay, JRS, X, 1889, p. 227, note 2",1,,ILA-022
"Smirnoff, op. cit., pp. 97-8, no. 32",1,,ILA-022
"Perdrizet, op. cit., p. 59, no. 3",1,,ILA-022
"K-P, II Reise, p. 107",1,,ILA-022
"Steinleitner, op. cit., no. 6",1,,ILA-022
"Buckler, ABSA, XXI, 1914-16, pp. 175-80, no. 4",1,,ILA-022
"Lane, I, p. 17, no. 16",1,,ILA-022
"Lane, CMRDM I 52",1,,ILA-023
"Le Bas-Waddington, op. cit., III, i, p. 214, no. 675",1,,ILA-023
"Drexler, op. cit., col. 2702, no. 8",1,,ILA-023
"Lane, I, p. 15, Lydia no. 6",1,,ILA-023
"Lane, CMRDM I 53",1,,ILA-024
"CIG, 3439",1,,ILA-024
"Keppel, op. cit., II, p. 351, no. 6",1,,ILA-024
"C. Texier, Description de l'Asie Mineure, Paris, 1850, I, p. 135, Pl. 51 top",1,,ILA-024
"Le Bas-Waddington, op. cit., III, i, p. 213, no. 668",1,,ILA-024
"Daremberg-Saglio, III, ii, p. 1393, fig. 4662",1,,ILA-024
"Drexler, op. cit., col. 2702, no. 13",1,,ILA-024
"Roscher, Leipzig, Phil.-Hist. Klasse, Berichte, XLIII, 1891, p. 125c, Pl. II bottom",1,,ILA-024
"Perdrizet, op. cit., p. 60, no. 2",1,,ILA-024
"A.B. Cook, Zeus, Cambridge, 1913-40, I, p. 193, fig. 142",1,,ILA-024
"M.J. Vermaseren, Vigiliae Christianae, IV, 1950, pp. 142-156",1,,ILA-024
"Lane, I, p. 16, no. 11",1,,ILA-024
"Lane, CMRDM I 54",1,,ILA-025
"CIG, 3438",1,,ILA-025
"Keppel, op. cit., II, p. 349-50, no. 5",1,,ILA-025
"Texier, op. cit., p. 136, Pl. 52",1,,ILA-025
"Le Bas-Waddington, op. cit., III, i, p. 212, no. 667",1,,ILA-025
"Daremberg-Saglio, III, ii, p. 1384, fig. 4665",1,,ILA-025
"Drexler, op. cit., col. 2703, no. 14",1,,ILA-025
"Leemans, op. cit., p. 38",1,,ILA-025
"Roscher, op. cit., p. 125d and Pl. II top",1,,ILA-025
"Perdrizet, op. cit., p. 60, no. 1",1,,ILA-025
"F. Cumont, Textes et monuments, Brussels 1899, II, p. 220, fig. 50",1,,ILA-025
"A.B. Cook, Zeus, I, p. 731, fig. 540",1,,ILA-025
"Vermaseren, Vigiliae Christianae, IV, 1950, pp. 142-156",1,,ILA-025
"Herrmann, op. cit., p. 43",1,,ILA-025
"Lane, I, p. 16, no. 12",1,,ILA-025
"Lane, CMRDM I 55",1,,ILA-026
"Herrmann, op. cit., p. 48-9, no. 42, Pl. XIII, no. 3",1,,ILA-026
"Lane, I, p. 51, no. A8",1,,ILA-026
"Lane, CMRDM I 56",1,,ILA-027
"Buresch, Reisebericht II, p. 96f.",1,,ILA-027
"Buresch, Aus Lydien, p. 85, no. 41",1,,ILA-027
"Lane, I, p. 18, no. 23",1,,ILA-027
"Lane, CMRDM I 57",1,,ILA-028
"Herrmann, op. cit., p. 39, no. 27, Pl. IX, no. 6",1,,ILA-028
"Robert, REG, LXXVI, 1963, p. 167, no. 225",1,,ILA-028
"Lane, I, p. 51, no. A3",1,,ILA-028
"Lane, CMRDM I 58",1,,ILA-029
"CIG, 3442",1,,ILA-029
"Keppel, op. cit., II, p. 346, no. 1",1,,ILA-029
"W.J. Hamilton, Researches in Asia Minor, Pontus, and Armenia, 1842, II, p. 467-8, no. 340",1,,ILA-029
"Drexler, op. cit., col. 2701, no. 5",1,,ILA-029
"Perdrizet, op. cit., p. 58, bottom, no. 1",1,,ILA-029
"Steinleitner, op. cit., p. 34, no. 10",1,,ILA-029
"Lane, I, p. 15, Lydia, no. 5",1,,ILA-029
"Lane, CMRDM I 59",1,,ILA-030
"Mouseion kai Bibliotheke, III, 1-2, 1880, p. 127, no. 165",1,,ILA-030
"Foucart, BCH, IV, 1880, p. 128",1,,ILA-030
"Drexler, op. cit., col. 2703, no. 15",1,,ILA-030
"Reinach, RA, 1885, II, p. 107 and 1886, I, p. 156",1,,ILA-030
"Leemans, op. cit., p. 39",1,,ILA-030
"Perdrizet, op. cit., p. 58, middle, no. 1",1,,ILA-030
"Dittenberger, SIG³, no. 1142",1,,ILA-030
"Lane, I, p. 17, no. 13",1,,ILA-030
"Lane, CMRDM I 60",1,,ILA-031
"Drexler, op. cit., col. 2703, no. 17",1,,ILA-031
"Leemans, op. cit., p. 8-9, no. 3 and Pl. I, no. 3",1,,ILA-031
"Kontoleon, AM, XII, 1887, p. 255, no. 19",1,,ILA-031
"Polak, Mnemosyne, XV, 1887, p. 252ff., no. 3",1,,ILA-031
"Hicks, Classical Review, III, 1889, p. 69, no. 1",1,,ILA-031
"Perdrizet, op. cit., p. 57, no. 2",1,,ILA-031
"H.W. Pleket, Greek Inscriptions in the Rijksmuseum van Oudheden, Pl. XIV and Appendix II, no. 3",1,,ILA-031
"Lane, I, p. 17, no. 15",1,,ILA-031
"Lane, CMRDM I 61",1,,ILA-032
"Mouseion kai Bibliotheke, III, i-ii, 1880, p. 162, no. τκς'",1,,ILA-032
"Drexler, op. cit., col. 2704, no. 20",1,,ILA-032
"W. Fröhner, Philologus, Supplement V, 1889, p. 26, no. 25",1,,ILA-032
"Ramsay, JHS, X, 1889, p. 227, no. 24",1,,ILA-032
"Perdrizet, op. cit., p. 57, no. 1",1,,ILA-032
"Buresch, Aus Lydien, p. 87",1,,ILA-032
"Kontoleon, REG, XIV, 1901, p. 302, no. 2",1,,ILA-032
"Steinleitner, op. cit., p. 36, no. 11",1,,ILA-032
"Lane, I, p. 17, no. 17",1,,ILA-032
"Lane, CMRDM I 62",1,,ILA-033
"Mouseion kai Bibliotheke, III, 1-2, 1880, p. 158, no. τιε'",1,,ILA-033
"A. Papadopoulos-Kerameus, AM, VI, 1881, p. 273-4, no. 23",1,,ILA-033
"Drexler, op. cit., col. 2702, no. 11",1,,ILA-033
"Perdrizet, op. cit., p. 59, no. 2",1,,ILA-033
"Steinleitner, op. cit., p. 33, no. 9",1,,ILA-033
"Lane, I, p. 16, no. 9",1,,ILA-033
"Lane, CMRDM I 63",1,,ILA-034
"Drexler, op. cit., col. 2704",1,,ILA-034
"*M.F.A.B. 18th Annual Report, 1894, p. 20",1,,ILA-034
"Archäologischer Anzeiger, IX, 1894, p. 95",1,,ILA-034
"Reinach, RA, 1894, II, p. 117",1,,ILA-034
"Wright, HSCP, VI, 1895, p. 56, Pl. II",1,,ILA-034
"Bulletin MFAB, LVI, 1958, p. 72",1,,ILA-034
"Lane, I, pp. 17-18, no. 19",1,,ILA-034
"Lane, CMRDM I 64",1,,ILA-035
"Schlumberger, Gazette Archéologique, VI, 1880, p. 191ff., Pl. XXXII",1,,ILA-035
"Drexler, op. cit., col. 2704-5",1,,ILA-035
"Zeitschrift für Numismatik, XIV, 1888, pp. 375-77",1,,ILA-035
"Roscher, op. cit., p. 125b and Pl. III",1,,ILA-035
"Smirnoff, op. cit., p. 119, fig. 3",1,,ILA-035
"Perdrizet, op. cit., p. 59",1,,ILA-035
"Lane, I, p. 19, no. 29",1,,ILA-035
"Lane, CMRDM I 65",1,,ILA-036
"Herrmann, op. cit., p. 46, no. 39, Pl. XII, no. 1",1,,ILA-036
"Lane, I, p. 51, no. A5",1,,ILA-036
"Lane, CMRDM I 66",1,,ILA-037
"Herrmann, op. cit., p. 47, no. 41 and Plate XII, no. 3",1,,ILA-037
"Lane, I, p. 51, no. A7",1,,ILA-037
"Lane, CMRDM I 67",1,,ILA-038
"Drexler, op. cit., col. 2702, no. 10",1,,ILA-038
"Buresch, Reisebericht II, p. 98f.",1,,ILA-038
"Perdrizet, op. cit., p. 57, no. 4",1,,ILA-038
"Buresch, Aus Lydien, p. 111, no. 53",1,,ILA-038
"Ramsay, Classical Review, XIII, 1899, p. 142",1,,ILA-038
"Steinleitner, op. cit., p. 29, no. 8",1,,ILA-038
"Lane, I, p. 16, no. 8",1,,ILA-038
"Lane, CMRDM I 68",1,,ILA-039
"Herrmann, op. cit., p. 49, no. 43, Plate XIII, no. 2",1,,ILA-039
"Lane, I, p. 52, no. A9",1,,ILA-039
"Lane, CMRDM I 70",1,,ILA-040
"Herrmann, op. cit., p. 58-9, no. 53, Plate XV, no. 4",1,,ILA-040
"Lane, CMRDM I 71",1,,ILA-041
"Herrmann, op. cit., p. 59, no. 55, Plate XVI, no. 3",1,,ILA-041
"Lane, I, p. 52, no. A12",1,,ILA-041
"Lane, CMRDM I 72",1,,ILA-042
"Herrmann, op. cit., p. 45, no. 38",1,,ILA-042
"Robert, REG, LXXVI, 1963, p. 167-8, no. 227",1,,ILA-042
"Lane, I, p. 51, no. 38",1,,ILA-042
"Lane, CMRDM I 73",1,,ILA-043
"Herrmann, op. cit., p. 50, no. 44, Plate XII, no. 4",1,,ILA-043
"Lane, CMRDM I 74",1,,ILA-044
"L. Robert, Hellenica, X, 1955, p. 163 and Plate 29, no. 1",1,,ILA-044
"Lane, I, p. 19, no. 28",1,,ILA-044
"Lane, CMRDM I 75",1,,ILA-045
"Drexler, op. cit., col. 2708",1,,ILA-045
"Kontoleon, REG, V, 1892, p. 341",1,,ILA-045
"T. Homolle, BCH, XVIII, 1894, p. 539",1,,ILA-045
"AM, XX, 1895, p. 242",1,,ILA-045
"*Buresch, Harmonia, 1 and 12 April, 1895",1,,ILA-045
"K-P, II Reise, p. 175",1,,ILA-045
"Lane, I, p. 21, no. 30",1,,ILA-045
"Lane, CMRDM I 76",1,,ILA-046
"T. Homolle, op. cit., p. 542",1,,ILA-046
"AM, XX, 1895, p. 501",1,,ILA-046
"*Buresch, Harmonia, May 12, 1895",1,,ILA-046
"Lane, I, p. 21, no. 31",1,,ILA-046
"Lane, CMRDM I 77",1,,ILA-047
"K-P, I Reise, p. 15-16, no. 25",1,,ILA-047
"Steinleitner, op. cit., p. 46, no. 20",1,,ILA-047
"Sardis, VII, i, Leiden, 1932, p. 98, no. 96",1,,ILA-047
"Lane, I, p. 21, no. 32",1,,ILA-047
"Lane, CMRDM I 78",1,,ILA-048
"Sardis, VII, i, p. 98, no. 96a",1,,ILA-048
"Lane, I, p. 22, no. 32a",1,,ILA-048
"Lane, CMRDM I 79",1,,ILA-049
"Frontrier, Mouseion kai Bibliotheke, II, 2-3, 1876-8, p. 25",1,,ILA-049
"Drexler, op. cit., col. 2707",1,,ILA-049
"Perdrizet, op. cit., p. 71, note 1",1,,ILA-049
"Sardis, VII, i, pp. 37-40, no. 17",1,,ILA-049
"Lane, I, p. 22, no. 34",1,,ILA-049
"Lane, CMRDM I 81",1,,ILA-050
"Gardner, JHS, VI, 1885, pp. 346-7, no. 76",1,,ILA-050
"Sardis, VII, i, pp. 127-9, no. 152",1,,ILA-050
"L. Robert, RA, 1936, I, pp. 238-40",1,,ILA-050
"Lane, II, pp. 44-45, no. 6",1,,ILA-050
"Lane, CMRDM I 82",1,,ILA-051
"K-P, I Reise, p. 27, no. 38",1,,ILA-051
"Lane, I, p. 22, no. 35",1,,ILA-051
"Lane, CMRDM I 84",1,,ILA-052
"S. Reinach, RA, 1887, II, p. 96",1,,ILA-052
"A.E. Kontoleon, AM, XII, 1887, p. 253, no. 17",1,,ILA-052
"Lane, I, p. 22, no. 37",1,,ILA-052
"Lane, CMRDM I 85",1,,ILA-053
"Lane, I, p. 19, no. 28 (see appendix)",1,,ILA-053
"Lane, CMRDM I 86",1,,ILA-054
"Lane, I, p. 50",1,,ILA-054
"Lane, CMRDM I 87",1,,ILA-055
"W.A. Ramsay, JHS, IV, 1883, p. 417, no. 31",1,,ILA-055
"W.M. Ramsay, Cities and Bishoprics of Phrygia, Oxford, 1895, p. 609, no. 506",1,,ILA-055
"Perdrizet, op. cit., p. 62",1,,ILA-055
"Buresch, Aus Lydien, p. 131",1,,ILA-055
"F. Poland, Geschichte des Griechischen Vereinswesens, Leipzig, 1909, p. 53",1,,ILA-055
"Robert, Hellenica, III, 1946, p. 60, note 3 and Plate III A",1,,ILA-055
"Lane, I, p. 22, no. 1",1,,ILA-055
"Lane, CMRDM I 88",1,,ILA-056
"S. Reinach, REG, III, 1890, p. 51, no. 1",1,,ILA-056
"Perdrizet, op. cit., pp. 62-3",1,,ILA-056
"Lane, I, pp. 22-23, no. 2",1,,ILA-056
"Lane, CMRDM I 89",1,,ILA-057
"J.A.R. Munro, JHS, XVII, 1897, p. 283, no. 48",1,,ILA-057
"Buresch, Aus Lydien, p. 152",1,,ILA-057
"Lane, I, p. 25, no. 21",1,,ILA-057
"Lane, CMRDM I 90",1,,ILA-058
"Drexler, op. cit., col. 2701, no. 7",1,,ILA-058
"Ramsay, JHS, X, 1889, p. 227, no. 25",1,,ILA-058
"E.L. Hicks, Classical Review, III, 1889, p. 138, no. 19",1,,ILA-058
"Buresch, Reisebericht II, p. 97",1,,ILA-058
"Perdrizet, op. cit., p. 57, no. 3",1,,ILA-058
"Buresch, Aus Lydien, p. 87 and 197",1,,ILA-058
"T. Wiegand, AM, XXIX, 1904, p. 318, fig. 38",1,,ILA-058
"A. Deissmann, Light from the Ancient East, 1910, p. 332",1,,ILA-058
"Buckler, ABSA, XXI, 1914-16, pp. 181-3, no. 6",1,,ILA-058
"Lane, I, p. 23, no. 3",1,,ILA-058
"Lane, CMRDM I 91",1,,ILA-059
"G. Radet, Nouvelles Archives des Missions Scientifiques et Littéraires, VI, 1895, p. 573, no. 23",1,,ILA-059
"Perdrizet, op. cit., p. 64",1,,ILA-059
"Ramsay, Bearing of Recent Discovery, London, 1915, p. 184, fig. 4",1,,ILA-059
"Lane, I, p. 23, no. 4",1,,ILA-059
"Lane, CMRDM I 92",1,,ILA-060
"Ramsay, ZVS, XXVIII, 1887, p. 394, no. 16",1,,ILA-060
"Ramsay, Bearing, p. 187, no. 3",1,,ILA-060
"MAMA V, (1937) p. 150, no. R7",1,,ILA-060
"Lane, CMRDM I 93",1,,ILA-061
"MAMA, V, p. 71, no. 150 and Plate 40",1,,ILA-061
"Lane, CMRDM I 94",1,,ILA-062
"MAMA, V, p. 65, no. 132 and Plate 37",1,,ILA-062
"Lane, I, p. 23, no. 7",1,,ILA-062
"Lane, CMRDM I 95",1,,ILA-063
"MAMA, V, p. 65, no. 133 and Plate 38",1,,ILA-063
"Lane, I, p. 23, no. 8",1,,ILA-063
"Lane, CMRDM I 96",1,,ILA-064
"MAMA, V, p. 100, no. 209 and Plate 48",1,,ILA-064
"Lane, I, p. 23, no. 9",1,,ILA-064
"Lane, CMRDM I 97",1,,ILA-065
"MAMA, V, p. 101, no. 210 and Plate 48",1,,ILA-065
"Lane, I, p. 24, no. 10a",1,,ILA-065
"Lane, CMRDM I 98",1,,ILA-066
"MAMA, V, p. 100, no. 208 and Plate 48",1,,ILA-066
"Lane, I, p. 23, no. 10",1,,ILA-066
"Lane, CMRDM I 99",1,,ILA-067
"*S. Reinach, Catalogue du Musée de Constantinople, no. 244",1,,ILA-067
"Daremberg-Saglio, III, ii, p. 1395, fig. 4670",1,,ILA-067
"Drexler, op. cit., col. 2768",1,,ILA-067
"Mendel, Catalogue des Sculptures Grecques, Romaines et Byzantines, Constantinople 1912-14, III, 314-317, no. 1077",1,,ILA-067
"Perdrizet, op. cit., p. 64ff. and Plate XVI",1,,ILA-067
"Rostovzeff, SEHRE², Oxford 1957, p. 256 and Plate XLVI, no. 2",1,,ILA-067
"Lane, I, p. 24, no. 11",1,,ILA-067
"Lane, CMRDM I 100",1,,ILA-068
"MAMA VI, (1939) p. 92, no. 248 and Pl. 44",1,,ILA-068
"Flacelière and Robert, REG, LII, 1939, p. 511, no. 407",1,,ILA-068
"Lane, CMRDM I 101",1,,ILA-069
"Letronne, Journal des Savants, 1825, p. 330ff.",1,,ILA-069
CIG 3886,1,,ILA-069
"Drexler, op. cit., col. 2712",1,,ILA-069
"Ramsay, C and B, I (1895), p. 246",1,,ILA-069
"Perdrizet, BCH, XX, 1896, p. 62",1,,ILA-069
"R. Cagnat et al., IGRR, IV, no. 739",1,,ILA-069
"Lane, I, p. 24, no. 12",1,,ILA-069
"L. Vidman, op. cit., p. 159, no. 311",1,,ILA-069
"Lane, CMRDM I 102",1,,ILA-070
"*W.H. Cope, Journal of the British Archaeological Association, XL, 1884, pp. 114-5",1,,ILA-070
"Drexler, op. cit., col. 2714",1,,ILA-070
"Robert, Revue de Philologie, LXV, 1939, p. 179, note 3 and Plate II, no. 1",1,,ILA-070
"Vermaseren, Vigiliae Christianae, IV, 1950, p. 151, fig. 2",1,,ILA-070
"Lane, I, p. 24, no. 13 and Plate III, no. 1",1,,ILA-070
"R.A. Higgins, Archaeological Reports, XIII, 1966-7, pp. 47-48 and fig. 5",1,,ILA-070
"Lane, CMRDM I 103",1,,ILA-071
"Collignon, BCH, II, 1878, p. 171-2",1,,ILA-071
"J.R.S. Sterrett, Epigraphical Journey, p. 94, no. 61",1,,ILA-071
"Drexler, op. cit., col. 2716",1,,ILA-071
"Ramsay, C and B, I, p. 304",1,,ILA-071
"Lane, I, p. 24, no. 14",1,,ILA-071
"Lane, CMRDM I 104",1,,ILA-072
"B. Pace, Annuario, VI-VII, 1923-4, pp. 448-9, no. 167",1,,ILA-072
"SEG, VI, 1932, p. 103, no. 607; XVII, 1960, p. 149, no. 549",1,,ILA-072
"H. Metzger, Catalogue des monuments votifs du Musée d'Adalia, Paris, 1952, p. 48, no. 22 and Plate XI",1,,ILA-072
"Bean, Belleten, XXII, 1958, p. 69, no. 85",1,,ILA-072
"Lane, I, p. 43-4, no. 4",1,,ILA-072
"Lane, CMRDM I 105",1,,ILA-073
"W.M. Calder, Klio, X, 1910, p. 241, no. 14",1,,ILA-073
"MAMA, I, (1928) p. 231, no. 436",1,,ILA-073
"Lane, I, p. 24, no. 15",1,,ILA-073
"Lane, CMRDM I 106",1,,ILA-074
"MAMA, VII, (1956) p. 1, no. 4 and p. 125",1,,ILA-074
"Lane, I, p. 25, no. 16",1,,ILA-074
"Lane, CMRDM I 107",1,,ILA-075
"J.G.C. Anderson, JHS, XIX, 1899, p. 299, no. 220",1,,ILA-075
"MAMA, VII, p. 52, no. 243 and Plate XV",1,,ILA-075
"Lane, I, p. 25, no. 17",1,,ILA-075
"Lane, CMRDM I 108",1,,ILA-076
"Anderson, op. cit., p. 299, no. 221",1,,ILA-076
"MAMA, VII, p. 52, no. 244 and Pl. 15",1,,ILA-076
"Lane, I, p. 25, no. 18",1,,ILA-076
"Lane, CMRDM I 109",1,,ILA-077
"MAMA, VII, p. 52, no. 245 and p. 133",1,,ILA-077
"Lane, I, p. 25, no. 19",1,,ILA-077
"Lane, CMRDM I 110",1,,ILA-078
"W.M. Calder, Klio, XXIV, 1930, p. 62",1,,ILA-078
"SEG, VI, (1932), p. 15, no. 78",1,,ILA-078
"MAMA, VII, p. 76, no. 311 and p. 137",1,,ILA-078
"Lane, II, p. 44, Addenda, no. 1",1,,ILA-078
"Lane, CMRDM I 111",1,,ILA-079
"MAMA, VII, p. 105, no. 486 and Pl. 27",1,,ILA-079
"Lane, I, p. 25, no. 20",1,,ILA-079
"Lane, CMRDM I 112",1,,ILA-080
"Lane, I, p. 26, no. 23, Plate IV, no. 1",1,,ILA-080
"Lane, CMRDM I 113",1,,ILA-081
"Lane, I, p. 26, no. 24, Plate IV, no. 2",1,,ILA-081
"Lane, CMRDM I 114",1,,ILA-082
"Lane, I, p. 26, no. 25, Plate IV, no. 3",1,,ILA-082
"Lane, CMRDM I 115",1,,ILA-083
"Lane, I, p. 26-27, no. 26",1,,ILA-083
"Lane, CMRDM I 116",1,,ILA-084
"Lane, I, p. 27, no. 27, Plate VI, no. 3",1,,ILA-084
"Lane, CMRDM I 117",1,,ILA-085
"Lane, I, p. 27 (unpublished at time of publication)",1,,ILA-085
"Lane, CMRDM I 118",1,,ILA-086
"CIG, II, p. 523, no. 2796",1,,ILA-086
"Le Bas-Waddington, III, p. 393, no. 1601b",1,,ILA-086
"Drexler, op. cit., col. 2698",1,,ILA-086
"O. Liermann, Analecta epigraphica et agonistica, 1889, pp. 17-19, no. III",1,,ILA-086
"MAMA, VIII, (1962) p. 73, no. 406",1,,ILA-086
"Lane, I, p. 27, no. 1",1,,ILA-086
"Robert, Hellenica, XIII, 1965, p. 183 and 285",1,,ILA-086
"Lane, CMRDM I 119",1,,ILA-087
"MAMA, VIII, p. 94, no. 445",1,,ILA-087
"Lane, I, p. 27, no. 2",1,,ILA-087
"Robert, Hellenica, XIII, p. 128, note 2",1,,ILA-087
"Lane, CMRDM I 120",1,,ILA-088
"MAMA, VIII, p. 94, no. 446 and Pl. 36",1,,ILA-088
"Lane, I, p. 27, no. 3",1,,ILA-088
"Robert, Hellenica, XIII, p. 128-9",1,,ILA-088
"Lane, CMRDM I 121",1,,ILA-089
"L. Robert, Hellenica, IX, 1950, p. 39ff. and Plates VI-VIII",1,,ILA-089
"REG, LXIV, 1951, p. 191, no. 217",1,,ILA-089
"Robert, REG, LXV, 1952, p. 176, no. 155",1,,ILA-089
"Bean, JHS, LXXII, 1952, p. 118",1,,ILA-089
"SEG, XVII, 1960, p. 148, no. 545",1,,ILA-089
"Lane, I, p. 43, no. 3",1,,ILA-089
"Lane, CMRDM I 1",1,,ILA-090
"Daremberg-Saglio, Dictionnaire des Antiquités, Paris 1877-1918, III, ii, 1393",1,,ILA-090
"Drexler, in Roscher, Lexikon der griechischen und römischen Mythologie, Leipzig 1884-1937, col. 2731",1,,ILA-090
"H.B. Walters, Classical Review, VIII, 1894, p. 229",1,,ILA-090
"P. Perdrizet, BCH, XX, 1896, p. 81 and Plate XIV",1,,ILA-090
"Lane, Berytus, XV, 1964, p. 7, no. 2 (Lane I)",1,,ILA-090
"Lane, CMRDM I 2",1,,ILA-091
"Daremberg-Saglio, Dictionnaire des Antiquités, III, p. 1393, fig. 4664",1,,ILA-091
"*Katalog der Archaeologischen Ausstellung, Vienna, 1893, no. 1538",1,,ILA-091
"P. Perdrizet, BCH, XX, 1896, p. 82 and Pl. XV",1,,ILA-091
"S. Reinach, Répertoire des reliefs grecs et romains, Paris 1909-12, II, p. 150, no. 3",1,,ILA-091
"*G. Bakalakis, Hellenika Amphiglypha (1946), p. 67",1,,ILA-091
"Lane, I, p. 7, no. 3",1,,ILA-091
"Sale Catalogue, Art of the Ancients, André Emmerich Gallery, N.Y., 1968, no. 44",1,,ILA-091
"Lane, CMRDM I 3",1,,ILA-092
"*Gisbert Cuper, Harpocrates sive explicatio imagunculae argenteae perantiquae, Utrecht, 1687",1,,ILA-092
"*Signa antiqua e museo Jacobi de Wilde, Amsterdam, 1700, p. 41",1,,ILA-092
"Bergk, AZ, 1847, p. 47",1,,ILA-092
"E. Gerhard, AZ, 1850, p. 158-9 and Pl. 15, no. 7",1,,ILA-092
"Wolters, Festschrift für Otto Benndorf, Vienna, 1898, p. 126",1,,ILA-092
"Lane, I, p. 7, no. 4",1,,ILA-092
"Lane, CMRDM I 4",1,,ILA-093
"Lane, I, p. 7, no. 5 and Pl. II, no. 2",1,,ILA-093
"Lane, CMRDM I 5",1,,ILA-094
"A.S. Rousopoulos, Bulletino dell'Instituto di Corrispondenza Archeologica, 1864, p. 47",1,,ILA-094
"C. Lenormant, Monographie de la Voie Sacrée Eleusinienne (1864), I, 85-89",1,,ILA-094
"Perdrizet, BCH, XX, 1896, pp. 78-9",1,,ILA-094
"H. Usener, RM, LV, 1900, p. 295",1,,ILA-094
"A. Brueckner, Der Friedhof am Eridanos, Berlin 1909, pp. 27-28",1,,ILA-094
"IG, II², 4876",1,,ILA-094
"G. Mylonas, Eleusis and the Eleusinian Mysteries, Princeton, 1961, p. 270",1,,ILA-094
"Lane, I, p. 8, no. 9",1,,ILA-094
"Lane, CMRDM I 6",1,,ILA-095
"Drexler, in Roscher, Lexikon, col. 2733-4, fig. 10",1,,ILA-095
"Y. Smirnoff, in Stephanos (Studies Sokolov), St. Petersburg, 1895, pp. 114-117, no. 24, fig. 1",1,,ILA-095
"P. Perdrizet, BCH, XX, 1896, pp. 77-8, fig. 5",1,,ILA-095
"Svoronos, Das Athener Nationalmuseum, Athens 1903-11, Pl. 72, no. 1444",1,,ILA-095
"S. Reinach, Répertoire des Reliefs, II, p. 356, no. 3",1,,ILA-095
"M.P. Nilsson, Geschichte der Griechischen Religion, Munich 1950, II, Pl. 2, no. 2",1,,ILA-095
"Lane, I, p. 8, no. 8 and Plate I, no. 2",1,,ILA-095
"Lane, CMRDM I 7",1,,ILA-096
"Wieseler, Nachrichten der Gesellschaft der Wissenschaften, Göttingen, 1874, p. 14",1,,ILA-096
"idem, Abhandlungen Ges. Wiss. Gatt., XIX, 1874, p. 34",1,,ILA-096
"Drexler, op. cit., col. 2733",1,,ILA-096
"Beschreibung der Antiken Skulpturen, Königliche Museen, Berlin, 1891, pp. 262-3",1,,ILA-096
"Perdrizet, op. cit., p. 80, no. 3",1,,ILA-096
"C. Michel, Recueil d'inscriptions grecques, Paris 1897-1927, no. 1690",1,,ILA-096
"IG, II², 4818",1,,ILA-096
"Lane, I, p. 9, no. 10",1,,ILA-096
"L. Vidman, Sylloge Inscriptionum Religionis Isiacae et Sarapiacae, Berlin, 1969, p. 15, no. 27",1,,ILA-096
"Lane, CMRDM I 8",1,,ILA-097
"IG, II², 4687a",1,,ILA-097
"A. Dain, Inscriptions Grecques du Musée du Louvre, Paris 1933, p. 162, no. 183",1,,ILA-097
"L. Robert, Revue Archéologique, 1933, II, p. 145",1,,ILA-097
"Robert, BCH, LX, 1936, pp. 206ff.",1,,ILA-097
"Lane, I, p. 8, no. 7",1,,ILA-097
"Lane, CMRDM I 9",1,,ILA-098
"C. Wachsmuth, Die Stadt Athen im Alterthum, Leipzig 1874-90, II, i, p. 163, note 1",1,,ILA-098
"*Kumanudes, Athenaion, 8, 1879, p. 294, no. 4",1,,ILA-098
"Drexler, op. cit. col. 2730",1,,ILA-098
"P. Perdrizet, BCH, XX, 1896, p. 75, note 1",1,,ILA-098
"Michel, Recueil, no. 1689",1,,ILA-098
"IG, II², 4685",1,,ILA-098
"Lane, I, p. 8, no. 6",1,,ILA-098
"Lane, CMRDM I 10",1,,ILA-099
"*L. von Sybel, Katalog der Skulpturen zu Athen, Marburg 1881, p. 72, no. 390",1,,ILA-099
"*A. Milchhöfer, Die Museen Athens, Athens 1881, p. 24",1,,ILA-099
"Drexler, op. cit., col. 2730-31, fig. 9",1,,ILA-099
"Smirnoff, Stephanos, p. 122, no. 28, fig. 4",1,,ILA-099
"Perdrizet, op. cit., p. 83 and fig. 6",1,,ILA-099
"Svoronos, Das Athener Nationalmuseum, p. 355, Pl. 69, no. 1406",1,,ILA-099
"Reinach, Répertoire des Reliefs, II, p. 356, no. 4",1,,ILA-099
"IG, II², 4684",1,,ILA-099
"Nilsson, GGR, II, Plate 2, no. 1",1,,ILA-099
"Lane, I, p. 6, no. 1 and Plate I, no. 1",1,,ILA-099
"Lane, CMRDM I 11",1,,ILA-100
"*Kumanudes, Palingenesia, Sept. 23, 1868, no. 3",1,,ILA-100
"Drexler, op. cit., col. 2732",1,,ILA-100
"IG, II², 4856",1,,ILA-100
"Lane, I, p. 9, no. 12",1,,ILA-100
"Lane, CMRDM I 44",1,,ILA-101
"*Fontrier, Harmonia, 20 and 31 May, 1900, no. 5",1,,ILA-101
"Zingerle, op. cit., col. 16-23 and fig. 2",1,,ILA-101
"SEG, IV, p. 124, no. 648",1,,ILA-101
"Herrmann, op. cit., p. 30, note 102 and p. 60, note 231",1,,ILA-101
"Lane, I, p. 18, no. 25",1,,ILA-101
"Lane, CMRDM I 69",1,,ILA-102
"Herrmann, op. cit., p. 30, no. 21, Plate VIII, no. 2",1,,ILA-102
"Robert, REG, LXXVI, 1963, p. 170, no. 235",1,,ILA-102
"Lane, I, p. 50, no. A2",1,,ILA-102
"Petzl, Die Beichtinschriften im römischen Kleinasien und der Fromme und Gerechte Gott (1998), 9-11, Abb. 3",1,,ILA-102
"Lane, CMRDM I 80",1,,ILA-103
"Illustrated London News, July 9, 1960",1,,ILA-103
"L. Robert, Nouvelles Inscriptions de Sardes, Paris, 1964, pp. 23-24, nos. 2 and 3 and Plate II, no. 2",1,,ILA-103
"Lane, I, p. 22, no. 33; Lane II, p. 45, no. 7",1,,ILA-103
"Lane, CMRDM I 83",1,,ILA-104
"K-P, II Reise, pp. 109-110, no. 211",1,,ILA-104
"Robert, Anatolia, III, 1958, p. 128, note 101",1,,ILA-104
"Lane, I, p. 22, no. 36",1,,ILA-104
"Lane, CMRDM I 260",1,,ILA-105
"Lane, I, p. 36, no. 37 and Plate V, no. 1",1,,ILA-105
"Lane, CMRDM I 21",1,,ILA-106
"Archaeologiai Értesitő, XXXV, 1915, p. 45, fig. 3",1,,ILA-106
"N. Gostar, Dacia, N.S., IV, 1960, pp. 519-522",1,,ILA-106
"Robert, REG, LXXV, 1962, p. 192, no. 245",1,,ILA-106
"Lane, I, p. 12, C",1,,ILA-106
"*E. Bujor, Apulum, VI, 1967, p. 186-9, no. 3 and fig. 1-3",1,,ILA-106
"Année Épigraphique, 1967, no. 398",1,,ILA-106
"SEG, XXIV, 1969, no. 1156",1,,ILA-106
"Lane, CMRDM I 12",1,,ILA-107
"W. Gurlitt, Philologus, XXVII, 1868, pp. 729-35",1,,ILA-107
"*A. Cordella, Le Laurion, Marseille, 1871, p. 34-36",1,,ILA-107
"P. Foucart, Des Associations Religieuses chez les Grecs, Paris, 1873, pp. 119-27",1,,ILA-107
"Milchhöfer, AM, XII, 1887, p. 300, no. 279",1,,ILA-107
"Perdrizet, op. cit., p. 84",1,,ILA-107
"IG, II², 1365",1,,ILA-107
"Lane, I, p. 9, no. 13",1,,ILA-107
"Lane, CMRDM I 13",1,,ILA-108
"Gurlitt, loc. cit.",1,,ILA-108
"Cordella, loc. cit.",1,,ILA-108
"Foucart, loc. cit.",1,,ILA-108
"Daremberg-Saglio, loc. cit.",1,,ILA-108
"Milchhöfer, loc. cit.",1,,ILA-108
"Perdrizet, loc. cit.",1,,ILA-108
"Michel, Recueil, 988",1,,ILA-108
"P. Stengel, Hermes, XXXVI, 1901, p. 331-2",1,,ILA-108
"J. Prott and L. Ziehen, Leges Graecorum Sacrae e Titulis Collectae, Leipzig 1906, II, I, 149, p. 148-153",1,,ILA-108
"IG, II², 1366",1,,ILA-108
"W. Dittenberger, Sylloge Inscriptionum Graecarum³, Leipzig, 1915-20, no. 1042",1,,ILA-108
"Lane, I, p. 9, no. 14",1,,ILA-108
"Lane, CMRDM I 23",1,,ILA-109
"CIL, VI, (1876), 499",1,,ILA-109
"H. Dessau, Inscriptiones Latinae Selectae, Berlin, 1892-1914, 4147",1,,ILA-109
"Lane, I, p. 13, no. 2",1,,ILA-109
"R. Duthoy, The Taurobolium, Leiden, 1969, p. 14, no. 13",1,,ILA-109
"Lane, CMRDM I 28",1,,ILA-110
"Mouseion kai Bibliotheke tes Evangelikes Scholes, II, i, 1876, no. ρξς'",1,,ILA-110
"Drexler, op. cit., col. 2697",1,,ILA-110
"Smirnoff, op. cit., p. 91, no. 5",1,,ILA-110
"Dittenberger, SIG³, no. 996",1,,ILA-110
"Lane I, p. 14, no. 1 and II, p. 44, no. 2",1,,ILA-110
"Lane, CMRDM I 122",1,,ILA-111
"M. Collignon, BCH, III, 1879, p. 334, no. 2",1,,ILA-111
"Perdrizet, op. cit., p. 63 and fig. 2",1,,ILA-111
"Lane, I, p. 45, no. 9",1,,ILA-111
"Lane, CMRDM I 123",1,,ILA-112
"Lane, I, p. 45, no. 13 and frontispiece",1,,ILA-112
"Lane, CMRDM I 124",1,,ILA-113
"Bean, AS, IX, 1959, p. 73, no. 12 and Plate XIV",1,,ILA-113
"L. Robert, REG, LXXIV, 1961, p. 241, no. 728",1,,ILA-113
"SEG, XIX, 1963, p. 235, no. 745",1,,ILA-113
"Lane, I, p. 44, no. 6",1,,ILA-113
"Lane, CMRDM I 125",1,,ILA-114
"G.E. Bean, Belleten, XVIII, 1954, pp. 476-7 and 497-99, no. 8",1,,ILA-114
"Robert, REG, LXIX, 1956, pp. 174ff., no. 319",1,,ILA-114
"SEG, XIV, 1957, p. 187, no. 800",1,,ILA-114
"Lane, I, p. 44, no. 5",1,,ILA-114
"Lane, CMRDM I 126",1,,ILA-115
"Ramsay, AJA, IV, 1888, p. 19",1,,ILA-115
"Ramsay, C and B, I, p. 308, no. 120",1,,ILA-115
"Ramsay, The Social Basis of Roman Power in Asia Minor, Aberdeen, 1941, p. 17, no. 6",1,,ILA-115
"Bean, AS, IX, 1959, p. 103, no. 64",1,,ILA-115
"Robert, REG, LXXIV, 1961, p. 242, no. 738",1,,ILA-115
"SEG, XIX, p. 249, no. 796",1,,ILA-115
"Lane, I, p. 44, no. 7",1,,ILA-115
"Lane, CMRDM I 127",1,,ILA-116
"MAMA, IV, (1933) p. 83-84, no. 230 and Pl. 49",1,,ILA-116
"Lane, I, p. 45, no. 10",1,,ILA-116
"Lane, CMRDM I 128",1,,ILA-117
"Bean, AS, IX, 1959, p. 111, no. 81 and Pl. XX",1,,ILA-117
"Robert, REG, LXXIV, 1961, p. 243, no. 741",1,,ILA-117
"SEG, XIX, p. 254, no. 814",1,,ILA-117
"Lane, I, pp. 44-45, no. 8",1,,ILA-117
"Lane, CMRDM I 129",1,,ILA-118
"Bean, AS, X, 1960, p. 65, no. 115",1,,ILA-118
"Robert, REG, LXXIV, 1961, p. 244, no. 748",1,,ILA-118
"SEG, XIX, p. 263, no. 847",1,,ILA-118
"Lane, I, p. 45, no. 11",1,,ILA-118
"Lane, CMRDM I 130",1,,ILA-119
"Ramsay, JHS, IV, 1883, p. 417, no. 32",1,,ILA-119
"Drexler, op. cit., col. 2723",1,,ILA-119
"Perdrizet, op. cit., p. 69",1,,ILA-119
"H. Rott, Kleinasiatische Denkmäler aus Pisidien, Pamphylien, Kilikien, und Lykien (Studien über christliche Denkmäler, V-VI, Leipzig, 1908), p. 348, no. 1",1,,ILA-119
"Robert, Hellenica, VI, 1948, p. 34",1,,ILA-119
"Lane, I, p. 45, no. 12",1,,ILA-119
"Lane, CMRDM I 132",1,,ILA-120
"Sterrett, Wolfe Expedition (ASCSA III, 1884-5), p. 206-214, nos. 339-342",1,,ILA-120
"G. Kaibel, Hermes, XXIII, 1888, p. 532ff.",1,,ILA-120
"Perdrizet, op. cit., p. 68, no. 2",1,,ILA-120
"F. Heinevetter, Würfel- und Buchstabenorakel, Breslau, 1912, no. 3",1,,ILA-120
"Lane, I, p. 42, no. 1",1,,ILA-120
"Lane, CMRDM I 133",1,,ILA-121
"Karl Lanckoronski, Städte Pamphyliens und Pisidiens, Vienna, 1890-92, II, pp. 220-223, no. 180",1,,ILA-121
"R. Heberdey, Termessos (Denkschriften, LXIX, 3), 1929, p. 131",1,,ILA-121
"TAM, III, i, (1941) no. 34, pp. 22-33",1,,ILA-121
"Lane, CMRDM I 134",1,,ILA-122
"H.A. Ormerod, JHS, XXXII, 1912, pp. 270-276",1,,ILA-122
"Lane, CMRDM I 135",1,,ILA-123
"TAM, II, iii, (1944) 1222",1,,ILA-123
"Lane, CMRDM I 136",1,,ILA-124
"H. Barth, RM, VII, 1850, p. 251",1,,ILA-124
"Hirschfeld, Akademie der Wissenschaften, Berichte, Berlin, 1875, p. 716",1,,ILA-124
"G. Kaibel, Epigrammata Graeca, Berlin, 1878, no. 1038",1,,ILA-124
"A.M. Woodward, JHS, XXX, 1910, pp. 260-62",1,,ILA-124
"Heinevetter, op. cit., no. 1",1,,ILA-124
"Lane, CMRDM I 137",1,,ILA-125
"*Leiden Museum Annual Report, 1896-7, pp. 5-6",1,,ILA-125
"U. Hiesinger, HSCP, LXXI, 1966, pp. 306-7 and Plate III",1,,ILA-125
"Lane, II, p. 46, no. 10",1,,ILA-125
"Lane, CMRDM I 138",1,,ILA-126
"Hiesinger, op. cit., pp. 303-306, Plates I-II",1,,ILA-126
"Lane, II, p. 46, no. 9",1,,ILA-126
"Lane, CMRDM I 139",1,,ILA-127
"Sotheby and Co., Catalogue, May 17, 1965, p. 46, no. 193",1,,ILA-127
"Hiesinger, op. cit., pp. 307-8 and Plate IV",1,,ILA-127
"Lane II, p. 46, no. 11",1,,ILA-127
"Lane, CMRDM I 140",1,,ILA-128
"Antiken aus dem akademischen Kunstmuseum Bonn, Düsseldorf, 1969, p. 77, no. 80 and Pl. 51",1,,ILA-128
"Lane, CMRDM I 141",1,,ILA-129
"Perdrizet, BCH XX, 1896, p. 72, fig. 3",1,,ILA-129
"Lane I, p. 15, no. 4",1,,ILA-129
"Lane, CMRDM I 142",1,,ILA-130
"Daremberg-Saglio, III, ii, p. 1395, fig. 4671",1,,ILA-130
"T. Homolle, BCH, XXIII, 1899, p. 389 and Plate I",1,,ILA-130
"M.P. Nilsson, GGR, II, Plate 13, no. 1",1,,ILA-130
"Rostovzeff, SEHRE², p. 256, Plate 46, no. 1",1,,ILA-130
"Lane, I, p. 25, no. 22",1,,ILA-130
"Lane, CMRDM I 143",1,,ILA-131
"Sterrett, Wolfe Expedition, p. 174, no. 284",1,,ILA-131
"Drexler, op. cit., col. 2719-20",1,,ILA-131
"Perdrizet, op. cit., p. 68, no. 1",1,,ILA-131
"Lane, I, pp. 45-46, no. 1",1,,ILA-131
"Lane, CMRDM I 144",1,,ILA-132
"H. Swoboda, J. Keil, and F. Knoll, Denkmäler aus Lykäonien, Pamphylien, und Isaurien, Prague, 1935, p. 18, no. 18",1,,ILA-132
"Lane, I, p. 46, no. 1a",1,,ILA-132
"Lane, CMRDM I 145",1,,ILA-133
"Sterrett, Epigraphical Journey (ASCSA II, 1883-4), p. 200, no. 211",1,,ILA-133
"Perdrizet, op. cit., p. 69, no. 5",1,,ILA-133
"Lane I, p. 46, no. 2",1,,ILA-133
"Lane, CMRDM I 146",1,,ILA-134
"G. Radet and P. Paris, BCH, X, 1886, p. 503, no. 6",1,,ILA-134
"Perdrizet, op. cit., p. 69, no. 6",1,,ILA-134
"H.S. Cronin, JHS, XXII, 1902, p. 118, no. 42",1,,ILA-134
"W.H. Buckler et al., JRS, XIV, 1924, p. 47 bottom",1,,ILA-134
"Lane I, p. 46, no. 4",1,,ILA-134
"Lane, CMRDM I 147",1,,ILA-135
"H.S. Cronin, JHS, XXII, 1902, pp. 346-7, no. 82",1,,ILA-135
"Lane, I, p. 46, no. 5",1,,ILA-135
"Lane, CMRDM I 148",1,,ILA-136
"Cronin, op. cit., p. 356, no. 112",1,,ILA-136
"Lane, I, p. 46, no. 6",1,,ILA-136
"Lane, CMRDM I 149",1,,ILA-137
"W.M. Calder, Revue de Philologie, XXXVI, 1912, p. 66, no. 33",1,,ILA-137
"W.H. Buckler et al., JRS, XIV, 1924, p. 47, no. 37 and Plate VIII",1,,ILA-137
"SEG, VI, 1932, p. 76, no. 427",1,,ILA-137
"Lane, II, p. 46, no. 1a",1,,ILA-137
"Lane, CMRDM I 150",1,,ILA-138
"Calder, op. cit., p. 65, no. 30",1,,ILA-138
"Lane, II, p. 46, no. 1b",1,,ILA-138
"Lane, CMRDM I 151",1,,ILA-139
"CIG, 4008",1,,ILA-139
"Ramsay, JHS, XXXVIII, 1918, p. 168, no. X",1,,ILA-139
"Lane, I, p. 47, no. 9",1,,ILA-139
"Lane, CMRDM I 152",1,,ILA-140
"Cronin, JHS, XXII, 1902, p. 125, no. 59",1,,ILA-140
"Lane, I, p. 47, no. 10",1,,ILA-140
"Lane, CMRDM I 153",1,,ILA-141
"W.H. Buckler et al., JRS, XIV, 1924, p. 25, no. 1",1,,ILA-141
"JRS, XVIII, 1928, p. 38, bottom",1,,ILA-141
"SEG, VI, p. 71, no. 401",1,,ILA-141
"Lane, I, p. 48, no. 2; Lane, II, p. 47",1,,ILA-141
"Lane, CMRDM I 154",1,,ILA-142
"Sterrett, Wolfe Expedition, p. 146, no. 251",1,,ILA-142
"Drexler, op. cit., col. 2726",1,,ILA-142
"Perdrizet, op. cit., p. 69, no. 4",1,,ILA-142
"Ramsay, Social Basis, p. 196, no. 204",1,,ILA-142
"Lane, I, p. 46, no. 3",1,,ILA-142
"Lane, CMRDM I 155",1,,ILA-143
"T.A. Callander, Studies in the History and Art of the Eastern Provinces, Aberdeen 1906, p. 160, no. 9",1,,ILA-143
"H. Swoboda et al., Denkmäler, p. 18",1,,ILA-143
"Lane, I, p. 46, no. 7",1,,ILA-143
"Lane, CMRDM I 156",1,,ILA-144
"Callander, op. cit., p. 164, no. 23",1,,ILA-144
"Swoboda et al., op. cit., p. 18",1,,ILA-144
"Lane, I, p. 47, no. 8",1,,ILA-144
"Lane, CMRDM I 157",1,,ILA-145
"J.G.C. Anderson, JHS, XIX, 1899, p. 96, no. 76",1,,ILA-145
"Lane, I, p. 48, no. 1",1,,ILA-145
"Lane, CMRDM I 158",1,,ILA-146
"L. Robert, Hellenica, X, 1955, p. 15 and Plate IV",1,,ILA-146
"Lane, I, p. 48, no. 3",1,,ILA-146
"Lane, CMRDM I 159",1,,ILA-147
"L. Robert, Hellenica, X, 1955, pp. 15-16 and Plate XXX",1,,ILA-147
"Lane, CMRDM I 160",1,,ILA-148
"G.L. Cheesman, JRS, III, 1913, p. 258, no. 3",1,,ILA-148
"Année Épigraphique, 1914, p. 373, no. 261",1,,ILA-148
"Lane, I, p. 30, no. 3",1,,ILA-148
"Lane, CMRDM I 161",1,,ILA-149
"J.G.C. Anderson, JRS, III, 1913, p. 269, no. 2",1,,ILA-149
"Lane, I, p. 40, no. 6",1,,ILA-149
"Lane, CMRDM I 162",1,,ILA-150
"J.G.C. Anderson, op. cit., p. 271, no. 6",1,,ILA-150
"Année Épigraphique, 1914, p. 374",1,,ILA-150
"Lane, I, p. 30, no. 9",1,,ILA-150
"Lane, CMRDM I 163",1,,ILA-151
"W.M. Calder, JRS, II, 1912, p. 93, no. 22",1,,ILA-151
"Lane, I, p. 31, no. 10",1,,ILA-151
"Lane, CMRDM I 164",1,,ILA-152
"J.G.C. Anderson, JRS, III, 1913, p. 287, no. 12 and fig. 62",1,,ILA-152
"Lane, I, p. 33, no. 17",1,,ILA-152
"Lane, CMRDM I 165",1,,ILA-153
"J.G.C. Anderson, op. cit., p. 288, no. 13 and fig. 63",1,,ILA-153
"Lane, I, p. 33, no. 18",1,,ILA-153
"Lane, CMRDM I 166",1,,ILA-154
"J.G.C. Anderson, op. cit., p. 288, no. 14 and Plate XXI",1,,ILA-154
"Année Épigraphique, 1914, p. 374, no. 263",1,,ILA-154
"Lane, I, p. 33, no. 19",1,,ILA-154
"Lane, CMRDM I 167",1,,ILA-155
"J.G.C. Anderson, op. cit., p. 289, no. 16 and Plate XXII",1,,ILA-155
"Lane, I, p. 33, no. 21",1,,ILA-155
"Lane, CMRDM I 168",1,,ILA-156
"J.G.C. Anderson, op. cit., p. 289, no. 17 and fig. 65",1,,ILA-156
"Lane, I, p. 33, no. 22",1,,ILA-156
"Lane, CMRDM I 169",1,,ILA-157
"J.G.C. Anderson, op. cit., p. 290, no. 18 and fig. 66",1,,ILA-157
"Lane, I, p. 34, no. 23",1,,ILA-157
"Lane, CMRDM I 170",1,,ILA-158
"J.G.C. Anderson, op. cit., p. 291, no. 19, Plate XXIII",1,,ILA-158
"Lane, I, p. 34, no. 24",1,,ILA-158
"Lane, CMRDM I 171",1,,ILA-159
"J.G.C. Anderson, op. cit., p. 291, no. 20 and fig. 67",1,,ILA-159
"Lane, I, p. 34, no. 25",1,,ILA-159
"Lane, CMRDM I 172",1,,ILA-160
"J.G.C. Anderson, JRS, III, 1913, p. 293, no. 21 and fig. 68",1,,ILA-160
"Lane, I, p. 34, no. 26",1,,ILA-160
"Lane, CMRDM I 173",1,,ILA-161
"J.G.C. Anderson, op. cit., p. 293, no. 22 and fig. 69",1,,ILA-161
"Lane, I, p. 34, no. 27",1,,ILA-161
"Lane, CMRDM I 174",1,,ILA-162
"J.G.C. Anderson, op. cit., p. 294-5, no. 23 and fig. 70",1,,ILA-162
"Année Épigraphique, 1914, p. 374, no. 264",1,,ILA-162
"Lane, I, p. 34, no. 28",1,,ILA-162
"Lane, CMRDM I 175",1,,ILA-163
"Mendel, Catalogue, III, p. 591, no. 1380",1,,ILA-163
"J.G.C. Anderson, JRS, III, 1913, p. 274-6 and fig. 54",1,,ILA-163
"Lane, I, p. 35, no. 31",1,,ILA-163
"Lane, CMRDM I 176",1,,ILA-164
"Mendel, Catalogue, III, p. 592, no. 1381",1,,ILA-164
"J.G.C. Anderson, JRS, III, 1913, p. 273 and Plate XX",1,,ILA-164
"Lane, I, p. 35, no. 32",1,,ILA-164
"Lane, CMRDM I 177",1,,ILA-165
"Mendel, Catalogue, III, no. 1382, p. 592-3",1,,ILA-165
"Lane, I, p. 35, no. 33",1,,ILA-165
"Lane, CMRDM I 178",1,,ILA-166
"W.I. Hamilton, Researches in Asia Minor, Pontus, and Armenia, London, 1842, no. 180",1,,ILA-166
"J.C. Orelli and W. Henzen, Inscriptionum Latinarum Selectarum Amplissima Collectio, vol. III, Zurich, 1856, no. 6157",1,,ILA-166
"Le Bas-Waddington, III, i, p. 446, no. 1818",1,,ILA-166
"CIL, III, (1873-1902), 295 and 6829",1,,ILA-166
"Sterrett, Epigraphical Journey, p. 129, no. 101",1,,ILA-166
"Ramsay, Cities of St. Paul, London, 1907, p. 286",1,,ILA-166
"Social Basis, p. 143, no. 148",1,,ILA-166
"Lane, I, p. 36, no. 34",1,,ILA-166
"Lane, CMRDM I 179",1,,ILA-167
"M. Hardie, JHS, XXXII, 1912, p. 121, no. 1, fig. 9",1,,ILA-167
"Lane, I, p. 36, no. 1",1,,ILA-167
"Lane, CMRDM I 180",1,,ILA-168
"Hardie, JHS, XXXII, 1912, p. 123, no. 2 and fig. 9",1,,ILA-168
"Lane, I, p. 36, no. 2",1,,ILA-168
"Lane, CMRDM I 181",1,,ILA-169
"Hardie, JHS, XXXII, 1912, p. 124, no. 3 and fig. 9",1,,ILA-169
"John Ferguson, The Religions of the Roman Empire, Ithaca, 1970, p. 217",1,,ILA-169
"Lane, I, p. 36, no. 3",1,,ILA-169
"Lane, CMRDM I 182",1,,ILA-170
"Hardie, JHS, XXXII, 1912, p. 125, no. 4 and fig. 9",1,,ILA-170
"Lane, I, p. 37, no. 4",1,,ILA-170
"Lane, CMRDM I 183",1,,ILA-171
"Hardie, JHS, XXXII, 1912, p. 126, no. 5 and fig. 9",1,,ILA-171
"Lane, I, p. 37, no. 5",1,,ILA-171
"Lane, CMRDM I 184",1,,ILA-172
"Hardie, JHS, XXXII, 1912, p. 126, no. 6 and fig. 9",1,,ILA-172
"Lane, I, p. 37, no. 6",1,,ILA-172
"Lane, CMRDM I 185",1,,ILA-173
"Hardie, JHS, XXXII, 1912, p. 126, no. 7 and fig. 9",1,,ILA-173
"Lane, I, p. 37, no. 7",1,,ILA-173
"Lane, CMRDM I 186",1,,ILA-174
"Hardie, JHS, XXXII, 1912, p. 126, no. 8 and fig. 9",1,,ILA-174
"Lane, I, p. 37, no. 8",1,,ILA-174
"Lane, CMRDM I 187",1,,ILA-175
"Hardie, JHS, XXXII, 1912, p. 127, no. 9 and fig. 9",1,,ILA-175
"Lane, I, p. 37, no. 9",1,,ILA-175
"Lane, CMRDM I 188",1,,ILA-176
"Hardie, JHS, XXXII, 1912, p. 127, no. 10 and fig. 9",1,,ILA-176
"Lane, I, p. 37, no. 10",1,,ILA-176
"Lane, CMRDM I 189",1,,ILA-177
"Hardie, JHS, XXXII, 1912, p. 127, no. 11 and fig. 9",1,,ILA-177
"Lane, I, p. 37, no. 11",1,,ILA-177
"Lane, CMRDM I 190",1,,ILA-178
"Hardie, JHS, XXXII, 1912, p. 127, no. 12 and fig. 9",1,,ILA-178
"Lane, I, p. 37, no. 12",1,,ILA-178
"Lane, CMRDM I 191",1,,ILA-179
"Hardie, JHS, XXXII, 1912, p. 129, no. 13 and fig. 9",1,,ILA-179
"Lane, CMRDM I 192",1,,ILA-180
"Hardie, JHS, XXXII, 1912, p. 129, no. 14 and fig. 10",1,,ILA-180
"Lane, CMRDM I 193",1,,ILA-181
"Hardie, JHS, XXXII, 1912, p. 129, no. 15 and fig. 10",1,,ILA-181
"Ramsay, JRS, VIII, 1918, p. 109",1,,ILA-181
"Lane, CMRDM I 194",1,,ILA-182
"Hardie, JHS, XXXII, 1912, p. 130, no. 16 and fig. 10",1,,ILA-182
"Lane, CMRDM I 195",1,,ILA-183
"Hardie, JHS, XXXII, 1912, p. 130, no. 17 and fig. 10",1,,ILA-183
"Ramsay, Bearing of Recent Discovery, 1915, pp. 376-7, figs. 10-11",1,,ILA-183
"Deissmann, Light from the Ancient East, English ed. 1927, p. 436, figs. 78-9",1,,ILA-183
"SEG, VI, nos. 558-9",1,,ILA-183
"Lane, CMRDM I 196",1,,ILA-184
"Hardie, JHS, XXXII, 1912, p. 130, no. 18 and fig. 10",1,,ILA-184
"Lane, CMRDM I 197",1,,ILA-185
"Hardie, JHS, XXXII, 1912, p. 130, no. 19 and fig. 10",1,,ILA-185
"Lane, CMRDM I 198",1,,ILA-186
"Hardie, JHS, XXXII, 1912, p. 131, no. 20 and fig. 10",1,,ILA-186
"Lane, CMRDM I 199",1,,ILA-187
"Hardie, JHS, XXXII, 1912, p. 131, no. 21 and fig. 11",1,,ILA-187
"Lane, CMRDM I 200",1,,ILA-188
"Hardie, JHS, XXXII, 1912, p. 131, no. 22 and fig. 11",1,,ILA-188
"Lane, CMRDM I 201",1,,ILA-189
"Hardie, JHS, XXXII, 1912, p. 131, no. 23 and fig. 11",1,,ILA-189
"Lane, CMRDM I 202",1,,ILA-190
"Hardie, JHS, XXXII, 1912, p. 131, no. 24 and fig. 11",1,,ILA-190
"Lane, CMRDM I 203",1,,ILA-191
"Hardie, JHS, XXXII, 1912, p. 131, no. 25 and fig. 11",1,,ILA-191
"Lane, CMRDM I 204",1,,ILA-192
"Hardie, JHS, XXXII, 1912, p. 132, no. 26 and fig. 11",1,,ILA-192
"Lane, CMRDM I 205",1,,ILA-193
"Hardie, JHS, XXXII, 1912, p. 132, no. 27 and fig. 11",1,,ILA-193
"Lane, CMRDM I 206",1,,ILA-194
"Hardie, JHS, XXXII, 1912, p. 132, no. 28 and fig. 11",1,,ILA-194
"Lane, CMRDM I 207",1,,ILA-195
"Hardie, JHS, XXXII, 1912, p. 132, no. 29 and fig. 11",1,,ILA-195
"Lane, CMRDM I 208",1,,ILA-196
"Hardie, JHS, XXXII, 1912, p. 132, no. 30 and fig. 12",1,,ILA-196
"Lane, CMRDM I 209",1,,ILA-197
"Hardie, JHS, XXXII, 1912, p. 133, no. 31 and fig. 12",1,,ILA-197
"Lane, CMRDM I 210",1,,ILA-198
"Hardie, JHS, XXXII, 1912, p. 133, no. 32 and fig. 12",1,,ILA-198
"Lane, CMRDM I 211",1,,ILA-199
"Hardie, JHS, XXXII, 1912, p. 133, no. 33 and fig. 12",1,,ILA-199
"Lane, CMRDM I 212",1,,ILA-200
"Hardie, JHS, XXXII, 1912, p. 133, no. 34 and fig. 12",1,,ILA-200
"Lane, CMRDM I 213",1,,ILA-201
"Hardie, JHS, XXXII, 1912, p. 135, no. 35 and fig. 12",1,,ILA-201
"Lane, CMRDM I 214",1,,ILA-202
"Hardie, JHS, XXXII, 1912, p. 135, no. 36 and fig. 12",1,,ILA-202
"Lane, CMRDM I 215",1,,ILA-203
"Hardie, JHS, XXXII, 1912, p. 135, no. 37 and fig. 12",1,,ILA-203
"Lane, CMRDM I 216",1,,ILA-204
"Hardie, JHS, XXXII, 1912, p. 135, no. 38 and fig. 12",1,,ILA-204
"Lane, CMRDM I 217",1,,ILA-205
"Hardie, JHS, XXXII, 1912, p. 135, no. 39 and fig. 13",1,,ILA-205
"Lane, CMRDM I 218",1,,ILA-206
"Hardie, JHS, XXXII, 1912, p. 135, no. 40 and fig. 13",1,,ILA-206
"Lane, CMRDM I 219",1,,ILA-207
"Hardie, JHS, XXXII, 1912, p. 135, no. 41 and fig. 13",1,,ILA-207
"Lane, CMRDM I 220",1,,ILA-208
"Hardie, JHS, XXXII, 1912, p. 136, no. 42 and fig. 13",1,,ILA-208
"Lane, CMRDM I 221",1,,ILA-209
"Hardie, JHS, XXXII, 1912, p. 136, no. 43 and fig. 13",1,,ILA-209
"Lane, CMRDM I 222",1,,ILA-210
"Hardie, JHS, XXXII, 1912, p. 136, no. 44 and fig. 13",1,,ILA-210
"Lane, CMRDM I 223",1,,ILA-211
"Hardie, JHS, XXXII, 1912, p. 137, no. 45 and fig. 13",1,,ILA-211
"Lane, CMRDM I 224",1,,ILA-212
"Hardie, JHS, XXXII, 1912, p. 136, no. 46 and fig. 13",1,,ILA-212
"Lane, CMRDM I 225",1,,ILA-213
"Hardie, JHS, XXXII, 1912, p. 136, no. 47 and fig. 13",1,,ILA-213
"Lane, CMRDM I 226",1,,ILA-214
"Hardie, JHS, XXXII, 1912, p. 136, no. 48 and fig. 13",1,,ILA-214
"Lane, CMRDM I 227",1,,ILA-215
"Hardie, JHS, XXXII, 1912, p. 138, nos. 49 and 50, and fig. 14",1,,ILA-215
"Lane, CMRDM I 228",1,,ILA-216
"Hardie, JHS, XXXII, 1912, p. 139, no. 51 and fig. 14",1,,ILA-216
"Lane, CMRDM I 229",1,,ILA-217
"Hardie, JHS, XXXII, 1912, p. 139, no. 52 and fig. 14",1,,ILA-217
"Lane, CMRDM I 230",1,,ILA-218
"Hardie, JHS, XXXII, 1912, p. 139, no. 53 and fig. 14",1,,ILA-218
"Lane, CMRDM I 231",1,,ILA-219
"Hardie, JHS, XXXII, 1912, p. 139, no. 54 and fig. 14",1,,ILA-219
"Lane, CMRDM I 232",1,,ILA-220
"Hardie, JHS, XXXII, 1912, p. 139, no. 55 and fig. 14",1,,ILA-220
"Lane, CMRDM I 233",1,,ILA-221
"Hardie, JHS, XXXII, 1912, p. 140, no. 56 and fig. 14",1,,ILA-221
"Lane, CMRDM I 234",1,,ILA-222
"Hardie, JHS, XXXII, 1912, p. 140, no. 57 and fig. 14",1,,ILA-222
"Lane, CMRDM I 235",1,,ILA-223
"Hardie, JHS, XXXII, 1912, p. 140, no. 58 and fig. 14",1,,ILA-223
"Lane, CMRDM I 236",1,,ILA-224
"Hardie, JHS, XXXII, 1912, p. 141, no. 59 and fig. 15",1,,ILA-224
"Lane, CMRDM I 237",1,,ILA-225
"Hardie, JHS, XXXII, 1912, p. 141, no. 60 and fig. 15",1,,ILA-225
"Lane, CMRDM I 238",1,,ILA-226
"Hardie, JHS, XXXII, 1912, p. 141, no. 61 and fig. 15",1,,ILA-226
"Lane, CMRDM I 239",1,,ILA-227
"Hardie, JHS, XXXII, 1912, p. 141, no. 62 and fig. 15",1,,ILA-227
"Lane, CMRDM I 240",1,,ILA-228
"Hardie, JHS, XXXII, 1912, p. 141, no. 63 and fig. 15",1,,ILA-228
"Lane, CMRDM I 241",1,,ILA-229
"Hardie, JHS, XXXII, 1912, p. 141, no. 64 and fig. 15",1,,ILA-229
"Lane, CMRDM I 242",1,,ILA-230
"Hardie, JHS, XXXII, 1912, p. 141, no. 65 and fig. 15",1,,ILA-230
"Lane, CMRDM I 243",1,,ILA-231
"Hardie, JHS, XXXII, 1912, p. 142, no. 66 and fig. 15",1,,ILA-231
"Lane, CMRDM I 244",1,,ILA-232
"Hardie, JHS, XXXII, 1912, p. 142, no. 67 and fig. 15",1,,ILA-232
"Lane, CMRDM I 245",1,,ILA-233
"Hardie, JHS, XXXII, 1912, p. 143, no. 68 and fig. 16",1,,ILA-233
"Lane, CMRDM I 246",1,,ILA-234
"Hardie, JHS, XXXII, 1912, p. 143, no. 69 and fig. 17",1,,ILA-234
"Lane, CMRDM I 247",1,,ILA-235
"Hardie, JHS, XXXII, 1912, p. 143, no. 70 and fig. 18",1,,ILA-235
"Lane, CMRDM I 248",1,,ILA-236
"Ramsay, Bearing, p. 374, fig. 9",1,,ILA-236
"Lane, CMRDM I 249",1,,ILA-237
"Ramsay, Social Basis, p. 143, no. 149",1,,ILA-237
"Lane, CMRDM I 250",1,,ILA-238
"Ramsay, Social Basis, p. 143, no. 150",1,,ILA-238
"Lane, CMRDM I 251",1,,ILA-239
"Ramsay, Social Basis, p. 23, no. 10",1,,ILA-239
"Lane, CMRDM I 252",1,,ILA-240
"Pace, Annuario, III, 1916-20, pp. 57-58, no. 51",1,,ILA-240
"SEG, II, 1925, no. 750",1,,ILA-240
"Lane, CMRDM I 253",1,,ILA-241
"B. Levick, AS, XVII, 1967, p. 117, no. 46",1,,ILA-241
"L. Robert, REG, LXXXI, 1968, p. 529, no. 540",1,,ILA-241
"Lane, CMRDM I 254",1,,ILA-242
"Levick, AS, XVII, 1967, p. 118, no. 47 and Pl. XIIIa",1,,ILA-242
"L. Robert, REG, LXXXI, 1968, loc. cit.",1,,ILA-242
"Lane, CMRDM I 255",1,,ILA-243
"Sarà trattata a lungo in un articolo di prossima pubblicazione di Barbara Levick (Lane, I, p. 140)",1,,ILA-243
"Lane, CMRDM I 256",1,,ILA-244
"Ramsay, JRS, VIII, 1918, p. 118",1,,ILA-244
"Lane, I, p. 39, note 143",1,,ILA-244
"Lane, CMRDM I 257",1,,ILA-245
"Ramsay, JRS, VIII, 1918, loc. cit.",1,,ILA-245
"Lane, CMRDM I 258",1,,ILA-246
"Ramsay, JRS, VIII, 1918, p. 133",1,,ILA-246
"Lane, CMRDM I 259",1,,ILA-247
"Inedita (Lane, I, p. 141: ""Unpublished"")",1,,ILA-247
"Lane, CMRDM I 261",1,,ILA-248
"Lane, I, p. 37, no. 38 and Pl. V, no. 2",1,,ILA-248
"Lane, CMRDM I 262",1,,ILA-249
"Lane, I, p. 37, no. 39 and Pl. V, no. 3",1,,ILA-249
"Lane, CMRDM I 263",1,,ILA-250
"Lane, I, p. 37, no. 41 and Pl. V, no. 4",1,,ILA-250
"Lane, CMRDM I 264",1,,ILA-251
"Lane, I, p. 37, no. 42 and Pl. VI, no. 1",1,,ILA-251
"Lane, CMRDM I 265",1,,ILA-252
"Lane, I, p. 38, no. 43 and Pl. VI, no. 2",1,,ILA-252
"Lane, CMRDM I 266",1,,ILA-253
"Lane, I, p. 37, no. 40",1,,ILA-253
"Lane, CMRDM I 267",1,,ILA-254
"Lane, CMRDM I 268",1,,ILA-255
"Lane, CMRDM I 269",1,,ILA-256
"Lane, CMRDM I 270",1,,ILA-257
"Lane, CMRDM I 271",1,,ILA-258
"Lane, I, p. 38, no. 45",1,,ILA-258
"Lane, CMRDM I 272",1,,ILA-259
"Lane, CMRDM I 273",1,,ILA-260
"Lane, CMRDM I 274",1,,ILA-261
"Lane, CMRDM I 275",1,,ILA-262
"Lane, CMRDM I 276",1,,ILA-263
"Lane, CMRDM I 277",1,,ILA-264
"Lane, CMRDM I 278",1,,ILA-265
"Lane, CMRDM I 279",1,,ILA-266
"Lane, CMRDM I 280",1,,ILA-267
"Lane, CMRDM I 281",1,,ILA-268
"Lane, CMRDM I 282",1,,ILA-269
"Lane, CMRDM I 283",1,,ILA-270
"Lane, CMRDM I 284",1,,ILA-271
"Lane, CMRDM I 285",1,,ILA-272
"Lane, CMRDM I 286",1,,ILA-273
"Lane, CMRDM I 287",1,,ILA-274
"Lane, CMRDM I 288",1,,ILA-275
"Lane, CMRDM I 289",1,,ILA-276
"Lane, CMRDM I 290",1,,ILA-277
"Lane, CMRDM I 291",1,,ILA-278
"Lane, CMRDM I 292",1,,ILA-279
"Lane, CMRDM I 293",1,,ILA-280
"Lane, CMRDM I 294",1,,ILA-281
"Lane, CMRDM I 20",1,,ILA-282
"B. Janó, Archeologiai Értesitő, XXXII, 1912, p. 50",1,,ILA-282
"Archäologischer Anzeiger, 1912, col. 530-1",1,,ILA-282
"C. Daicoviciu, Dacia, VII-VIII, 1937-40, p. 310",1,,ILA-282
"Année Épigraphique, 1944, no. 38",1,,ILA-282
"Lane, I, p. 12, C; Berytus, XVII, 1967, p. 44, no. 5 (Lane II)",1,,ILA-282
"Lane, CMRDM I 14",1,,ILA-283
"A. Andreiomenou, Archaiologikon Deltion, XVI, 1960, ii, p. 150",1,,ILA-283
"Lane, I, p. 10, no. 1",1,,ILA-283
"Lane, CMRDM I 15",1,,ILA-284
"E.L. Hicks, JHS, VIII, 1887, p. 411, no. 5",1,,ILA-284
"Perdrizet, op. cit., p. 76, note 2",1,,ILA-284
"IG, XII, viii, (1909), 587",1,,ILA-284
"Lane, I, p. 11, no. 2",1,,ILA-284
"Lane, CMRDM I 16",1,,ILA-285
"*Selivanov, Topog. Rod., 1892, p. 131",1,,ILA-285
"IG, XII, i, (1895), 162",1,,ILA-285
"Lane, I, p. 11, no. 3",1,,ILA-285
"Lane, CMRDM I 17",1,,ILA-286
"E. Loewy, Archäologisch-Epigraphische Mitteilungen aus Österreich-Ungarn, X, 1886, p. 219, no. 23",1,,ILA-286
"IG, XII, i, 917",1,,ILA-286
"Lane, I, p. 12, no. 4",1,,ILA-286
"Lane, CMRDM I 18",1,,ILA-287
"A. Hauvette-Bernault, BCH, VI, 1882, p. 345, no. 65",1,,ILA-287
"Perdrizet, BCH, XX, 1896, p. 75, note 2",1,,ILA-287
"*P. Roussel, Les Cultes Égyptiens à Délos, Nancy, 1916, no. 63",1,,ILA-287
"IG, XI, (1927), 1291",1,,ILA-287
"Lane, I, p. 12, no. 5",1,,ILA-287
"J. Marcadé, Au Musée de Délos, Paris, 1969, pp. 399 and 411",1,,ILA-287
"L. Vidman, op. cit., p. 67, no. CE 63",1,,ILA-287
"Lane, CMRDM I 19",1,,ILA-288
"*P. Roussel, op. cit., no. 34",1,,ILA-288
"IG, XI, 1292",1,,ILA-288
"Lane, I, p. 12, no. 6",1,,ILA-288
"J. Marcadé, locc. citt.",1,,ILA-288
"L. Vidman, op. cit., p. 63, no. CE 34",1,,ILA-288
"Lane, CMRDM I 22",1,,ILA-289
"IG, XIV, (1890), 913",1,,ILA-289
"Lane, I, p. 13, no. 1",1,,ILA-289
"Lane, CMRDM I 24",1,,ILA-290
"CIL, VI, 500",1,,ILA-290
"F. Cumont, Textes et monuments figurés relatifs aux mystères de Mithra, Brussels, 1899, II, no. 19",1,,ILA-290
"Dessau, ILS, 4148",1,,ILA-290
"M.J. Vermaseren, Corpus Inscriptionum et Monumentorum Religionis Mithriacae, Hague, 1956-60, I, p. 204, no. 513",1,,ILA-290
"Lane, I, p. 13, no. 3",1,,ILA-290
"Lane, CMRDM I 25",1,,ILA-291
"CIL, VI, 501",1,,ILA-291
"Dessau, ILS, 4149",1,,ILA-291
"Lane, I, p. 14, no. 4",1,,ILA-291
"Duthoy, op. cit., p. 14, no. 14",1,,ILA-291
"Lane, CMRDM I 26",1,,ILA-292
"B.M. Apollonj-Ghetti, A. Ferrua, E. Josi, E. Kirschbaum, Esplorazioni sotto la confessione di San Pietro in Vaticano, Vatican City, 1951, pp. 14-15, fig. 2",1,,ILA-292
"Année Épigraphique, 1953, no. 237",1,,ILA-292
"Vermaseren, op. cit., I, p. 165, no. 378",1,,ILA-292
"Lane, I, p. 14, no. 5",1,,ILA-292
"Lane, CMRDM I 27",1,,ILA-293
"Apollonj-Ghetti et al., loc. cit., fig. 3",1,,ILA-293
"Année Épigraphique, 1953, no. 238",1,,ILA-293
"Vermaseren, op. cit., I, p. 205, no. 515",1,,ILA-293
"Lane, I, p. 14, no. 6",1,,ILA-293
"Duthoy, op. cit., p. 24, no. 34",1,,ILA-293
"SEG 41, 1039",1,,ILA-294
"Epigraphica Anatolica 18 (1991), 92, no. 2",1,,ILA-294
"Petzl, Beichtinschr. 38 (in: Die Beichtinschriften im römischen Kleinasien und der Fromme und Gerechte Gott, 1998, 11-13, Abb. 4)",1,,ILA-294
