scheda,lane_ref,famiglia,lemma,sotto_funzione,forma_attestata,cert,verifica
ILA-107,"Lane, CMRDM I 12",agency,αἱρετίζω,scelta,αἱρετίσαντος,,auto
ILA-108,"Lane, CMRDM I 13",agency,αἱρετίζω,scelta,αἱρετίσαντος,,auto
ILA-014,"Lane, CMRDM I 42",agency,βασιλεύω,signoria-territoriale,βασιλεύοντες,,auto
ILA-022,"Lane, CMRDM I 51",agency,βασιλεύω,signoria-territoriale,βασιλεύ,low,auto
ILA-102,"Lane, CMRDM I 69",agency,βασιλεύω,signoria-territoriale,βασιλεύων,,auto
ILA-015,"Lane, CMRDM I 43",agency,δύναμις,dynamis,δυνάμεις,,auto
ILA-024,"Lane, CMRDM I 53",agency,δύναμις,dynamis,δυνάμις,,auto
ILA-033,"Lane, CMRDM I 62",agency,δύναμις,dynamis,δυνάμις,,auto
ILA-101,"Lane, CMRDM I 44",agency,δύναμις,dynamis,δυνάμεις,,auto
ILA-102,"Lane, CMRDM I 69",agency,δύναμις,dynamis,δυνάμεις,,auto
ILA-104,"Lane, CMRDM I 83",agency,δύναμις,dynamis,δυναμίς,,auto
ILA-107,"Lane, CMRDM I 12",agency,εὐίλατος,disposizione-favorevole,εὐίλατος,,auto
ILA-108,"Lane, CMRDM I 13",agency,εὐίλατος,disposizione-favorevole,εὐείλατος,,auto
ILA-015,"Lane, CMRDM I 43",agency,κατέχω,signoria-territoriale,κατέχουσα,,auto
ILA-018,"Lane, CMRDM I 47",agency,κατέχω,signoria-territoriale,κατέχοντα,,auto
ILA-054,"Lane, CMRDM I 86",agency,κατέχω,signoria-territoriale,κατέχοντι,,auto
ILA-018,"Lane, CMRDM I 47",agency,κολάζω,castigo-divino,ἐκολάσετο,,auto
ILA-022,"Lane, CMRDM I 51",agency,κολάζω,castigo-divino,Κολασθέντος,,auto
ILA-029,"Lane, CMRDM I 58",agency,κολάζω,castigo-divino,ἐκολάσετο,,auto
ILA-033,"Lane, CMRDM I 62",agency,κολάζω,castigo-divino,ἐκόλασετο,,auto
ILA-101,"Lane, CMRDM I 44",agency,κολάζω,castigo-divino,κολάσει,,auto
ILA-103,"Lane, CMRDM I 80",agency,κολάζω,castigo-divino,κολασθεὶς,,auto
ILA-018,"Lane, CMRDM I 47",agency,νεμεσάω,castigo-divino,νέμεσιν,,auto
ILA-046,"Lane, CMRDM I 76",agency,νεμεσάω,castigo-divino,νέμεσθαι,,auto
ILA-102,"Lane, CMRDM I 69",agency,νεμεσάω,castigo-divino,ἐνεμέσησε,,auto
ILA-118,"Lane, CMRDM I 129",agency,χρηματισμός,comando,χρήματισμὸν,,auto
ILA-072,"Lane, CMRDM I 104",agency,ἐπήκοος,ascolto,Ἐπηκόῳ,,auto
ILA-113,"Lane, CMRDM I 124",agency,ἐπήκοος,ascolto,Ἐπηκόῳ,,auto
ILA-114,"Lane, CMRDM I 125",agency,ἐπήκοος,ascolto,Ἐπηκόῳ,,auto
ILA-267,"Lane, CMRDM I 280",agency,ἐπήκοος,ascolto,ἐπηκόῳ,,auto
ILA-005,"Lane, CMRDM I 33",agency,ἐπιταγή,comando,ἐπιταγὴν,,auto
ILA-020,"Lane, CMRDM I 49",agency,ἐπιταγή,comando,ἐπιταγὴν,,auto
ILA-024,"Lane, CMRDM I 53",agency,ἐπιταγή,comando,ἐπιταγὴν,,auto
ILA-025,"Lane, CMRDM I 54",agency,ἐπιταγή,comando,ἐπιταγὴν,,auto
ILA-032,"Lane, CMRDM I 61",agency,ἐπιταγή,comando,ἐπιταγὴν,,auto
ILA-119,"Lane, CMRDM I 130",agency,ἐπιφανής,manifestazione,ἐπιφανοῦ,,auto
ILA-015,"Lane, CMRDM I 43",atto-cultuale,εὐλογέω,propiziazione,εὐλογοῦμεν,,auto
ILA-022,"Lane, CMRDM I 51",atto-cultuale,εὐλογέω,propiziazione,εὐλογεῖ,,auto
ILA-036,"Lane, CMRDM I 65",atto-cultuale,εὐλογέω,propiziazione,εὐλογοῦσα,,auto
ILA-039,"Lane, CMRDM I 68",atto-cultuale,εὐλογέω,propiziazione,εὐλογῶ,,auto
ILA-101,"Lane, CMRDM I 44",atto-cultuale,εὐλογέω,propiziazione,εὐλογοῦμεν,,auto
ILA-103,"Lane, CMRDM I 80",atto-cultuale,εὐλογέω,propiziazione,εὐλογεῖ,,auto
ILA-003,"Lane, CMRDM I 31",atto-cultuale,εὐχή,voto,εὐχήν,,auto
ILA-009,"Lane, CMRDM I 37",atto-cultuale,εὐχή,voto,εὐχήν,,auto
ILA-011,"Lane, CMRDM I 39",atto-cultuale,εὐχή,voto,εὐχὴν,,auto
ILA-012,"Lane, CMRDM I 40",atto-cultuale,εὐχή,voto,εὐχήν,,auto
ILA-024,"Lane, CMRDM I 53",atto-cultuale,εὐχή,voto,εὐχὴν,,auto
ILA-025,"Lane, CMRDM I 54",atto-cultuale,εὐχή,voto,εὐχήν,,auto
ILA-030,"Lane, CMRDM I 59",atto-cultuale,εὐχή,voto,εὐχὴν,,auto
ILA-034,"Lane, CMRDM I 63",atto-cultuale,εὐχή,voto,εὐχήν,low,auto
ILA-042,"Lane, CMRDM I 72",atto-cultuale,εὐχή,voto,εὐχὴν,,auto
ILA-043,"Lane, CMRDM I 73",atto-cultuale,εὐχή,voto,εὐχήν,,auto
ILA-044,"Lane, CMRDM I 74",atto-cultuale,εὐχή,voto,εὐχὴν,,auto
ILA-051,"Lane, CMRDM I 82",atto-cultuale,εὐχή,voto,εὐχήν,,auto
ILA-054,"Lane, CMRDM I 86",atto-cultuale,εὐχή,voto,εὐχήν,,auto
ILA-056,"Lane, CMRDM I 88",atto-cultuale,εὐχή,voto,εὐχὴν,,auto
ILA-059,"Lane, CMRDM I 91",atto-cultuale,εὐχή,voto,εὐχήν,,auto
ILA-060,"Lane, CMRDM I 92",atto-cultuale,εὐχή,voto,εὐχήν,,auto
ILA-063,"Lane, CMRDM I 95",atto-cultuale,εὐχή,voto,εὐχή,,auto
ILA-064,"Lane, CMRDM I 96",atto-cultuale,εὐχή,voto,εὐχὴν,,auto
ILA-066,"Lane, CMRDM I 98",atto-cultuale,εὐχή,voto,εὐχήν,,auto
ILA-070,"Lane, CMRDM I 102",atto-cultuale,εὐχή,voto,εὐχήν,,auto
ILA-071,"Lane, CMRDM I 103",atto-cultuale,εὐχή,voto,εὐχήν,,auto
ILA-072,"Lane, CMRDM I 104",atto-cultuale,εὐχή,voto,εὐχήν,,auto
ILA-073,"Lane, CMRDM I 105",atto-cultuale,εὐχή,voto,εὐχὴν,,auto
ILA-075,"Lane, CMRDM I 107",atto-cultuale,εὐχή,voto,εὐχήν,,auto
ILA-076,"Lane, CMRDM I 108",atto-cultuale,εὐχή,voto,εὐχήν,,auto
ILA-078,"Lane, CMRDM I 110",atto-cultuale,εὐχή,voto,εὐχήν,,auto
ILA-079,"Lane, CMRDM I 111",atto-cultuale,εὐχή,voto,εὐχὴν,,auto
ILA-081,"Lane, CMRDM I 113",atto-cultuale,εὐχή,voto,εὐχήν,,auto
ILA-082,"Lane, CMRDM I 114",atto-cultuale,εὐχή,voto,εὐχήν,,auto
ILA-083,"Lane, CMRDM I 115",atto-cultuale,εὐχή,voto,εὐχήν,,auto
ILA-103,"Lane, CMRDM I 80",atto-cultuale,εὐχή,voto,εὐχήν,,auto
ILA-105,"Lane, CMRDM I 260",atto-cultuale,εὐχή,voto,εὐχήν,,auto
ILA-111,"Lane, CMRDM I 122",atto-cultuale,εὐχή,voto,εὐχήν,,auto
ILA-114,"Lane, CMRDM I 125",atto-cultuale,εὐχή,voto,εὐχήν,,auto
ILA-116,"Lane, CMRDM I 127",atto-cultuale,εὐχή,voto,εὐχήν,,auto
ILA-117,"Lane, CMRDM I 128",atto-cultuale,εὐχή,voto,εὐχήν,,auto
ILA-140,"Lane, CMRDM I 152",atto-cultuale,εὐχή,voto,εὐχήν,,auto
ILA-141,"Lane, CMRDM I 153",atto-cultuale,εὐχή,voto,εὐχήν,,auto
ILA-145,"Lane, CMRDM I 157",atto-cultuale,εὐχή,voto,εὐχήν,,auto
ILA-165,"Lane, CMRDM I 177",atto-cultuale,εὐχή,voto,εὐχήν,,auto
ILA-167,"Lane, CMRDM I 179",atto-cultuale,εὐχή,voto,εὐχήν,,auto
ILA-168,"Lane, CMRDM I 180",atto-cultuale,εὐχή,voto,εὐχή,,auto
ILA-169,"Lane, CMRDM I 181",atto-cultuale,εὐχή,voto,εὐχὴν,,auto
ILA-172,"Lane, CMRDM I 184",atto-cultuale,εὐχή,voto,εὐχήν,,auto
ILA-173,"Lane, CMRDM I 185",atto-cultuale,εὐχή,voto,εὐχήν,,auto
ILA-174,"Lane, CMRDM I 186",atto-cultuale,εὐχή,voto,Εὐχὴν,,auto
ILA-175,"Lane, CMRDM I 187",atto-cultuale,εὐχή,voto,εὐχήν,,auto
ILA-176,"Lane, CMRDM I 188",atto-cultuale,εὐχή,voto,εὐχήν,,auto
ILA-177,"Lane, CMRDM I 189",atto-cultuale,εὐχή,voto,εὐχήν,,auto
ILA-178,"Lane, CMRDM I 190",atto-cultuale,εὐχή,voto,εὐχήν,,auto
ILA-179,"Lane, CMRDM I 191",atto-cultuale,εὐχή,voto,εὐχήν,,auto
ILA-180,"Lane, CMRDM I 192",atto-cultuale,εὐχή,voto,εὐχήν,,auto
ILA-181,"Lane, CMRDM I 193",atto-cultuale,εὐχή,voto,εὐχήν,,auto
ILA-182,"Lane, CMRDM I 194",atto-cultuale,εὐχή,voto,εὐχήν,,auto
ILA-183,"Lane, CMRDM I 195",atto-cultuale,εὐχή,voto,εὐχὴν,,auto
ILA-184,"Lane, CMRDM I 196",atto-cultuale,εὐχή,voto,εὐχήν,,auto
ILA-185,"Lane, CMRDM I 197",atto-cultuale,εὐχή,voto,εὐχήν,,auto
ILA-186,"Lane, CMRDM I 198",atto-cultuale,εὐχή,voto,εὐχήν,,auto
ILA-187,"Lane, CMRDM I 199",atto-cultuale,εὐχή,voto,εὐχήν,,auto
ILA-188,"Lane, CMRDM I 200",atto-cultuale,εὐχή,voto,εὐχήν,,auto
ILA-189,"Lane, CMRDM I 201",atto-cultuale,εὐχή,voto,εὐχήν,,auto
ILA-190,"Lane, CMRDM I 202",atto-cultuale,εὐχή,voto,εὐχήν,,auto
ILA-191,"Lane, CMRDM I 203",atto-cultuale,εὐχή,voto,εὐχήν,,auto
ILA-192,"Lane, CMRDM I 204",atto-cultuale,εὐχή,voto,εὐχήν,,auto
ILA-196,"Lane, CMRDM I 208",atto-cultuale,εὐχή,voto,εὐχήν,,auto
ILA-198,"Lane, CMRDM I 210",atto-cultuale,εὐχή,voto,εὐχήν,,auto
ILA-199,"Lane, CMRDM I 211",atto-cultuale,εὐχή,voto,εὐχήν,,auto
ILA-202,"Lane, CMRDM I 214",atto-cultuale,εὐχή,voto,εὐχήν,,auto
ILA-204,"Lane, CMRDM I 216",atto-cultuale,εὐχή,voto,εὐχήν,,auto
ILA-206,"Lane, CMRDM I 218",atto-cultuale,εὐχή,voto,εὐχήν,,auto
ILA-207,"Lane, CMRDM I 219",atto-cultuale,εὐχή,voto,εὐχήν,,auto
ILA-208,"Lane, CMRDM I 220",atto-cultuale,εὐχή,voto,εὐχήν,,auto
ILA-209,"Lane, CMRDM I 221",atto-cultuale,εὐχή,voto,εὐχήν,,auto
ILA-211,"Lane, CMRDM I 223",atto-cultuale,εὐχή,voto,εὐχήν,,auto
ILA-212,"Lane, CMRDM I 224",atto-cultuale,εὐχή,voto,εὐχήν,,auto
ILA-217,"Lane, CMRDM I 229",atto-cultuale,εὐχή,voto,εὐχήν,,auto
ILA-218,"Lane, CMRDM I 230",atto-cultuale,εὐχή,voto,εὐχήν,,auto
ILA-220,"Lane, CMRDM I 232",atto-cultuale,εὐχή,voto,εὐχήν,,auto
ILA-221,"Lane, CMRDM I 233",atto-cultuale,εὐχή,voto,εὐχήν,,auto
ILA-222,"Lane, CMRDM I 234",atto-cultuale,εὐχή,voto,εὐχήν,,auto
ILA-223,"Lane, CMRDM I 235",atto-cultuale,εὐχή,voto,εὐχήν,,auto
ILA-225,"Lane, CMRDM I 237",atto-cultuale,εὐχή,voto,εὐχήν,,auto
ILA-226,"Lane, CMRDM I 238",atto-cultuale,εὐχή,voto,εὐχήν,,auto
ILA-228,"Lane, CMRDM I 240",atto-cultuale,εὐχή,voto,εὐχήν,,auto
ILA-229,"Lane, CMRDM I 241",atto-cultuale,εὐχή,voto,εὐχήν,,auto
ILA-230,"Lane, CMRDM I 242",atto-cultuale,εὐχή,voto,εὐχὴν,,auto
ILA-231,"Lane, CMRDM I 243",atto-cultuale,εὐχή,voto,εὐχήν,,auto
ILA-233,"Lane, CMRDM I 245",atto-cultuale,εὐχή,voto,εὐχήν,,auto
ILA-235,"Lane, CMRDM I 247",atto-cultuale,εὐχή,voto,εὐχήν,,auto
ILA-240,"Lane, CMRDM I 252",atto-cultuale,εὐχή,voto,εὐχήν,,auto
ILA-241,"Lane, CMRDM I 253",atto-cultuale,εὐχή,voto,εὐχὴν,,auto
ILA-242,"Lane, CMRDM I 254",atto-cultuale,εὐχή,voto,εὐχήν,,auto
ILA-243,"Lane, CMRDM I 255",atto-cultuale,εὐχή,voto,εὐχή,,auto
ILA-247,"Lane, CMRDM I 259",atto-cultuale,εὐχή,voto,εὐχήν,,auto
ILA-249,"Lane, CMRDM I 262",atto-cultuale,εὐχή,voto,εὐχήν,,auto
ILA-250,"Lane, CMRDM I 263",atto-cultuale,εὐχή,voto,εὐχή,,auto
ILA-251,"Lane, CMRDM I 264",atto-cultuale,εὐχή,voto,εὐχήν,,auto
ILA-252,"Lane, CMRDM I 265",atto-cultuale,εὐχή,voto,εὐχήν,,auto
ILA-253,"Lane, CMRDM I 266",atto-cultuale,εὐχή,voto,εὐχήν,,auto
ILA-254,"Lane, CMRDM I 267",atto-cultuale,εὐχή,voto,εὐχήν,,auto
ILA-257,"Lane, CMRDM I 270",atto-cultuale,εὐχή,voto,εὐχήν,,auto
ILA-260,"Lane, CMRDM I 273",atto-cultuale,εὐχή,voto,εὐχήν,,auto
ILA-261,"Lane, CMRDM I 274",atto-cultuale,εὐχή,voto,εὐχήν,,auto
ILA-262,"Lane, CMRDM I 275",atto-cultuale,εὐχή,voto,εὐχήν,,auto
ILA-265,"Lane, CMRDM I 278",atto-cultuale,εὐχή,voto,εὐχήν,low,auto
ILA-267,"Lane, CMRDM I 280",atto-cultuale,εὐχή,voto,εὐχήν,,auto
ILA-268,"Lane, CMRDM I 281",atto-cultuale,εὐχή,voto,εὐχήν,,auto
ILA-270,"Lane, CMRDM I 283",atto-cultuale,εὐχή,voto,εὐχήν,,auto
ILA-271,"Lane, CMRDM I 284",atto-cultuale,εὐχή,voto,εὐχήν,,auto
ILA-274,"Lane, CMRDM I 287",atto-cultuale,εὐχή,voto,εὐχήν,low,auto
ILA-275,"Lane, CMRDM I 288",atto-cultuale,εὐχή,voto,εὐχήν,,auto
ILA-276,"Lane, CMRDM I 289",atto-cultuale,εὐχή,voto,εὐχήν,,auto
ILA-277,"Lane, CMRDM I 290",atto-cultuale,εὐχή,voto,εὐχήν,,auto
ILA-278,"Lane, CMRDM I 291",atto-cultuale,εὐχή,voto,εὐχήν,,auto
ILA-280,"Lane, CMRDM I 293",atto-cultuale,εὐχή,voto,εὐχήν,low,auto
ILA-281,"Lane, CMRDM I 294",atto-cultuale,εὐχή,voto,εὐχήν,,auto
ILA-016,"Lane, CMRDM I 45",atto-cultuale,εὐχαριστέω,propiziazione,εὐχαριστοῦντες,,auto
ILA-031,"Lane, CMRDM I 60",atto-cultuale,εὐχαριστέω,propiziazione,εὐχαριστοῦντες,,auto
ILA-013,"Lane, CMRDM I 41",atto-cultuale,εὐχαριστία,propiziazione,εὐχαριστ,,auto
ILA-009,"Lane, CMRDM I 37",atto-cultuale,εὔχομαι,voto,εὐξαμένη,,auto
ILA-017,"Lane, CMRDM I 46",atto-cultuale,εὔχομαι,voto,εὐξάμε,,auto
ILA-021,"Lane, CMRDM I 50",atto-cultuale,εὔχομαι,voto,εὐξαμένη,,auto
ILA-039,"Lane, CMRDM I 68",atto-cultuale,εὔχομαι,voto,εὐξαμένη,,auto
ILA-107,"Lane, CMRDM I 12",atto-cultuale,καθαρίζω,norma-santuariale,καθαριζέσθαι,,auto
ILA-108,"Lane, CMRDM I 13",atto-cultuale,καθαρίζω,norma-santuariale,Καθαριζέσθω,,auto
ILA-107,"Lane, CMRDM I 12",atto-cultuale,καθιδρύω,consacrazione,καθειδρύσατο,,auto
ILA-108,"Lane, CMRDM I 13",atto-cultuale,καθιδρύω,consacrazione,καθειδρύσατο,,auto
ILA-110,"Lane, CMRDM I 28",atto-cultuale,καθιδρύω,consacrazione,καθείδρυται,,auto
ILA-045,"Lane, CMRDM I 75",atto-cultuale,καθιερόω,consacrazione,καθιέρωσαντα,,auto
ILA-037,"Lane, CMRDM I 66",atto-cultuale,λυτρόω,riscatto,ἐλυτρώσαντο,,auto
ILA-028,"Lane, CMRDM I 57",atto-cultuale,λύτρον,riscatto,ἐγλυτρω,,auto
ILA-032,"Lane, CMRDM I 61",atto-cultuale,λύτρον,riscatto,λύτρον,,auto
ILA-058,"Lane, CMRDM I 90",atto-cultuale,λύτρον,riscatto,λύτρον,,auto
ILA-273,"Lane, CMRDM I 286",atto-cultuale,λύτρον,riscatto,Λυτρόνιος,,auto
ILA-015,"Lane, CMRDM I 43",atto-cultuale,μαρτυρέω,registrazione-su-stele,μαρτυροῦμεν,,auto
ILA-034,"Lane, CMRDM I 63",atto-cultuale,μαρτυρέω,registrazione-su-stele,μαρτυροῦντες,low,auto
ILA-079,"Lane, CMRDM I 111",atto-cultuale,ναός,costruzione,ναὸν,,auto
ILA-150,"Lane, CMRDM I 162",atto-cultuale,σέβω,propiziazione,σέβων,,auto
ILA-086,"Lane, CMRDM I 118",atto-cultuale,στέφανος,onori-decretati,στεφάνους,,auto
ILA-149,"Lane, CMRDM I 161",atto-cultuale,στέφανος,onori-decretati,στέφαν,,auto
ILA-285,"Lane, CMRDM I 16",atto-cultuale,στέφανος,onori-decretati,στεφάνῳ,,auto
ILA-286,"Lane, CMRDM I 17",atto-cultuale,στέφανος,onori-decretati,στεφάνῳ,,auto
ILA-018,"Lane, CMRDM I 47",atto-cultuale,στηλογραφέω,registrazione-su-stele,στηλλογραφηθῆναι,,auto
ILA-033,"Lane, CMRDM I 62",atto-cultuale,στηλογραφέω,registrazione-su-stele,ἐστηλλογράφησα,,auto
ILA-101,"Lane, CMRDM I 44",atto-cultuale,στηλογραφέω,registrazione-su-stele,στηλογραφήσαντες,,auto
ILA-102,"Lane, CMRDM I 69",atto-cultuale,στηλογραφέω,registrazione-su-stele,στηλογραφῆσαι,,auto
ILA-105,"Lane, CMRDM I 260",atto-cultuale,τεκμωρεύω,tekmor,τεκμορεύσας,,auto
ILA-165,"Lane, CMRDM I 177",atto-cultuale,τεκμωρεύω,tekmor,τέκμορεύσαντες,,auto
ILA-168,"Lane, CMRDM I 180",atto-cultuale,τεκμωρεύω,tekmor,τεκμορεύσαντες,,auto
ILA-179,"Lane, CMRDM I 191",atto-cultuale,τεκμωρεύω,tekmor,τεκμορεύσαντες,,auto
ILA-180,"Lane, CMRDM I 192",atto-cultuale,τεκμωρεύω,tekmor,τεκμορεύσας,,auto
ILA-191,"Lane, CMRDM I 203",atto-cultuale,τεκμωρεύω,tekmor,τεκμορεύσας,,auto
ILA-196,"Lane, CMRDM I 208",atto-cultuale,τεκμωρεύω,tekmor,τεκμορεύσαντες,,auto
ILA-200,"Lane, CMRDM I 212",atto-cultuale,τεκμωρεύω,tekmor,τεκμορεύσας,,auto
ILA-216,"Lane, CMRDM I 228",atto-cultuale,τεκμωρεύω,tekmor,τεκμορεύσαντες,,auto
ILA-229,"Lane, CMRDM I 241",atto-cultuale,τεκμωρεύω,tekmor,τεκμορεύ,,auto
ILA-232,"Lane, CMRDM I 244",atto-cultuale,τεκμωρεύω,tekmor,τεκμορ,,auto
ILA-233,"Lane, CMRDM I 245",atto-cultuale,τεκμωρεύω,tekmor,τεκμορεύσαντες,,auto
ILA-234,"Lane, CMRDM I 246",atto-cultuale,τεκμωρεύω,tekmor,τερμορεύσαντες,,auto
ILA-241,"Lane, CMRDM I 253",atto-cultuale,τεκμωρεύω,tekmor,τεκμορεύσας,,auto
ILA-247,"Lane, CMRDM I 259",atto-cultuale,τεκμωρεύω,tekmor,Τεκμορεύσας,,auto
ILA-249,"Lane, CMRDM I 262",atto-cultuale,τεκμωρεύω,tekmor,τεκμορεύσας,,auto
ILA-251,"Lane, CMRDM I 264",atto-cultuale,τεκμωρεύω,tekmor,τεκμορεύσας,,auto
ILA-252,"Lane, CMRDM I 265",atto-cultuale,τεκμωρεύω,tekmor,τεκμορεύσας,,auto
ILA-253,"Lane, CMRDM I 266",atto-cultuale,τεκμωρεύω,tekmor,τεκμορεύσας,,auto
ILA-257,"Lane, CMRDM I 270",atto-cultuale,τεκμωρεύω,tekmor,τεκμορεύσας,,auto
ILA-260,"Lane, CMRDM I 273",atto-cultuale,τεκμωρεύω,tekmor,τεκμορε,,auto
ILA-261,"Lane, CMRDM I 274",atto-cultuale,τεκμωρεύω,tekmor,τεκμορεύσας,,auto
ILA-262,"Lane, CMRDM I 275",atto-cultuale,τεκμωρεύω,tekmor,τεκμορ,low,auto
ILA-266,"Lane, CMRDM I 279",atto-cultuale,τεκμωρεύω,tekmor,τεκμορεύσας,,auto
ILA-267,"Lane, CMRDM I 280",atto-cultuale,τεκμωρεύω,tekmor,τεκμορεύσαντες,,auto
ILA-271,"Lane, CMRDM I 284",atto-cultuale,τεκμωρεύω,tekmor,τεκμορεύσας,,auto
ILA-274,"Lane, CMRDM I 287",atto-cultuale,τεκμωρεύω,tekmor,τεκμορεύσα,,auto
ILA-276,"Lane, CMRDM I 289",atto-cultuale,τεκμωρεύω,tekmor,τεκμορεύσασα,,auto
ILA-277,"Lane, CMRDM I 290",atto-cultuale,τεκμωρεύω,tekmor,τεκμορεύσας,,auto
ILA-278,"Lane, CMRDM I 291",atto-cultuale,τεκμωρεύω,tekmor,τεκμορεύσαντες,,auto
ILA-280,"Lane, CMRDM I 293",atto-cultuale,τεκμωρεύω,tekmor,τεκμορεύσα,,auto
ILA-107,"Lane, CMRDM I 12",atto-cultuale,ἀκάθαρτος,norma-santuariale,ἀκάθαρτον,,auto
ILA-108,"Lane, CMRDM I 13",atto-cultuale,ἀκάθαρτος,norma-santuariale,ἀκάθαρτον,,auto
ILA-011,"Lane, CMRDM I 39",atto-cultuale,ἀνίστημι,dedica,ἀνέστησεν,,auto
ILA-014,"Lane, CMRDM I 42",atto-cultuale,ἀνίστημι,dedica,ἀνέστησε,,auto
ILA-044,"Lane, CMRDM I 74",atto-cultuale,ἀνίστημι,dedica,ἀνέστησαν,,auto
ILA-046,"Lane, CMRDM I 76",atto-cultuale,ἀνίστημι,dedica,συνανέστησεν,,auto
ILA-136,"Lane, CMRDM I 148",atto-cultuale,ἀνίστημι,dedica,ἀνέστησεν,,auto
ILA-139,"Lane, CMRDM I 151",atto-cultuale,ἀνίστημι,dedica,Ἀνέστησεν,,auto
ILA-001,"Lane, CMRDM I 29",atto-cultuale,ἀνατίθημι,dedica,ἀνέθηκεν,,auto
ILA-005,"Lane, CMRDM I 33",atto-cultuale,ἀνατίθημι,dedica,ἀνέθηκεν,,auto
ILA-006,"Lane, CMRDM I 34",atto-cultuale,ἀνατίθημι,dedica,ἀνέθηκαν,,auto
ILA-017,"Lane, CMRDM I 46",atto-cultuale,ἀνατίθημι,dedica,ἀνέθηκα,,auto
ILA-020,"Lane, CMRDM I 49",atto-cultuale,ἀνατίθημι,dedica,ἀνέθηκαν,,auto
ILA-027,"Lane, CMRDM I 56",atto-cultuale,ἀνατίθημι,dedica,ἀνέθηκεν,,auto
ILA-036,"Lane, CMRDM I 65",atto-cultuale,ἀνατίθημι,dedica,ἀνέθηκα,,auto
ILA-052,"Lane, CMRDM I 84",atto-cultuale,ἀνατίθημι,dedica,ἀνέθηκεν,,auto
ILA-053,"Lane, CMRDM I 85",atto-cultuale,ἀνατίθημι,dedica,ἀνέθηκεν,,auto
ILA-055,"Lane, CMRDM I 87",atto-cultuale,ἀνατίθημι,dedica,ἀνέθηκαν,,auto
ILA-057,"Lane, CMRDM I 89",atto-cultuale,ἀνατίθημι,dedica,ἀνέθηκε,,auto
ILA-096,"Lane, CMRDM I 7",atto-cultuale,ἀνατίθημι,dedica,ἀνέθηκα,,auto
ILA-099,"Lane, CMRDM I 10",atto-cultuale,ἀνατίθημι,dedica,ἀνέθηκαν,low,auto
ILA-103,"Lane, CMRDM I 80",atto-cultuale,ἀνατίθημι,dedica,ἀνέθηκεν,,auto
ILA-115,"Lane, CMRDM I 126",atto-cultuale,ἀνατίθημι,dedica,ἀνέθηκε,,auto
ILA-118,"Lane, CMRDM I 129",atto-cultuale,ἀνατίθημι,dedica,ἀνεθῆκε,,auto
ILA-284,"Lane, CMRDM I 15",atto-cultuale,ἀνατίθημι,dedica,ἀνέθηκεν,,auto
ILA-119,"Lane, CMRDM I 130",atto-cultuale,ἄσυλος,norma-santuariale,ἄσυλος,,auto
ILA-101,"Lane, CMRDM I 44",atto-cultuale,ἐξειλάσκομαι,propiziazione,ἐξειλάσαμενοι,,auto
ILA-108,"Lane, CMRDM I 13",atto-cultuale,ἐξειλάσκομαι,propiziazione,ἐξειλάσασθαι,,auto
ILA-102,"Lane, CMRDM I 69",atto-cultuale,ἐξομολογέομαι,confessione-verbale,εξωμολογήσατο,,auto
ILA-015,"Lane, CMRDM I 43",atto-cultuale,ὁμολογέω,confessione-verbale,ὡμολόγησαν,,auto
ILA-047,"Lane, CMRDM I 77",atto-cultuale,ὁμολογέω,confessione-verbale,ὁμολογῶ,,auto
ILA-014,"Lane, CMRDM I 42",colpa,ἁμαρτάνω,peccato-generico,ἁμαρτίαν,,auto
ILA-040,"Lane, CMRDM I 70",colpa,ἁμαρτάνω,peccato-generico,προσαμαρτάνῃ,,auto
ILA-041,"Lane, CMRDM I 71",colpa,ἁμαρτάνω,peccato-generico,προσαμάρτῃ,,auto
ILA-107,"Lane, CMRDM I 12",colpa,ἁμαρτάνω,peccato-generico,ἁμαρτίαν,,auto
ILA-108,"Lane, CMRDM I 13",colpa,ἁμαρτάνω,peccato-generico,ἁμαρτίαν,,auto
ILA-230,"Lane, CMRDM I 242",colpa,ἁμαρτάνω,peccato-generico,ἀμαρτάγων,,auto
ILA-038,"Lane, CMRDM I 67",colpa,ἐπιορκέω,spergiuro,ἐπιορκήσας,low,auto
ILA-040,"Lane, CMRDM I 70",formula-fissa,κεχολωμένος,imprecazione,κεχολωμένου,,auto
ILA-050,"Lane, CMRDM I 81",formula-fissa,κεχολωμένος,imprecazione,κεχολωμένων,low,auto
ILA-133,"Lane, CMRDM I 145",formula-fissa,κεχολωμένος,imprecazione,κεχολωμένον,low,auto
ILA-134,"Lane, CMRDM I 146",formula-fissa,κεχολωμένος,imprecazione,κεχολωμένον,,auto
ILA-135,"Lane, CMRDM I 147",formula-fissa,κεχολωμένος,imprecazione,κεχολωμένο,,auto
ILA-137,"Lane, CMRDM I 149",formula-fissa,κεχολωμένος,imprecazione,κεχολωμένον,,auto
ILA-138,"Lane, CMRDM I 150",formula-fissa,κεχολωμένος,imprecazione,κεχολωμένον,,auto
ILA-142,"Lane, CMRDM I 154",formula-fissa,κεχολωμένος,imprecazione,κεχολωμένους,low,auto
ILA-015,"Lane, CMRDM I 43",formula-fissa,σκῆπτρον,imprecazione,σκῆπτρον,,auto
ILA-033,"Lane, CMRDM I 62",formula-fissa,σκῆπτρον,imprecazione,σκῆπτρον,,auto
ILA-041,"Lane, CMRDM I 71",formula-fissa,σκῆπτρον,imprecazione,σκήπτρα,,auto
ILA-101,"Lane, CMRDM I 44",formula-fissa,σκῆπτρον,imprecazione,σκῆπτρον,,auto
ILA-102,"Lane, CMRDM I 69",formula-fissa,σκῆπτρον,imprecazione,σκήπτρον,,auto
ILA-094,"Lane, CMRDM I 5",formula-fissa,χαίρω,acclamazione,χαίρετε,,auto
ILA-286,"Lane, CMRDM I 17",formula-fissa,χρηστὸς χαῖρε,saluto-funerario,Χρηστοὶ χαίρετε,,auto
ILA-132,"Lane, CMRDM I 144",formula-fissa,ἐπεξορκίζω,imprecazione,Ἐπεξορκίζομεν,,auto
ILA-094,"Lane, CMRDM I 5",formula-fissa,ὗε κύε,formula-pioggia,ὕε κύε,,auto
ILA-285,"Lane, CMRDM I 16",ruolo-istituzione,-ιασταί,associazione,Ἁλιαστᾶν,,auto
ILA-286,"Lane, CMRDM I 17",ruolo-istituzione,-ιασταί,associazione,Μηνιαστᾶν,,auto
ILA-007,"Lane, CMRDM I 35",ruolo-istituzione,θρέμμα,status-allevato,θρεμμάτων,,auto
ILA-050,"Lane, CMRDM I 81",ruolo-istituzione,θρέμμα,status-allevato,θρεμμά,,auto
ILA-011,"Lane, CMRDM I 39",ruolo-istituzione,θρεπτός,status-allevato,θρεπτοῦ,,auto
ILA-041,"Lane, CMRDM I 71",ruolo-istituzione,θρεπτός,status-allevato,θρεπτή,,auto
ILA-105,"Lane, CMRDM I 260",ruolo-istituzione,θρεπτός,status-allevato,θρεπτῷ,,auto
ILA-136,"Lane, CMRDM I 148",ruolo-istituzione,θρεπτός,status-allevato,θρεπτοὺς,,auto
ILA-180,"Lane, CMRDM I 192",ruolo-istituzione,θρεπτός,status-allevato,θρεπτοῦ,,auto
ILA-190,"Lane, CMRDM I 202",ruolo-istituzione,θρεπτός,status-allevato,θρεπτοῦ,,auto
ILA-196,"Lane, CMRDM I 208",ruolo-istituzione,θρεπτός,status-allevato,θρεπτοῦ,,auto
ILA-233,"Lane, CMRDM I 245",ruolo-istituzione,θρεπτός,status-allevato,θρεπτῶν,,auto
ILA-250,"Lane, CMRDM I 263",ruolo-istituzione,θρεπτός,status-allevato,θρεπτοῖς,,auto
ILA-251,"Lane, CMRDM I 264",ruolo-istituzione,θρεπτός,status-allevato,θρεπτῶν,,auto
ILA-274,"Lane, CMRDM I 287",ruolo-istituzione,θρεπτός,status-allevato,θρεπτῶν,,auto
ILA-275,"Lane, CMRDM I 288",ruolo-istituzione,θρεπτός,status-allevato,θρεπτοῦ,,auto
ILA-278,"Lane, CMRDM I 291",ruolo-istituzione,θρεπτός,status-allevato,θρεπτοῦ,,auto
ILA-033,"Lane, CMRDM I 62",ruolo-istituzione,κατοικία,comunita,κατοικία,,auto
ILA-045,"Lane, CMRDM I 75",ruolo-istituzione,κατοικία,comunita,κατοικίας,,auto
ILA-046,"Lane, CMRDM I 76",ruolo-istituzione,κατοικία,comunita,κατοικίας,,auto
ILA-056,"Lane, CMRDM I 88",ruolo-istituzione,κατοικία,comunita,κατοικία,,auto
ILA-096,"Lane, CMRDM I 7",ruolo-istituzione,στολιστής,sacerdozio,στολιστὴς,,auto
ILA-028,"Lane, CMRDM I 57",ruolo-istituzione,συνβολαφόρος,associazione,συνβολαφόροι,,auto
ILA-171,"Lane, CMRDM I 183",ruolo-istituzione,σύνοδος,associazione,σύνοδο,,auto
ILA-151,"Lane, CMRDM I 163",ruolo-istituzione,τρέφω,status-allevato,θρέψαντο,,manuale
ILA-055,"Lane, CMRDM I 87",ruolo-istituzione,φράτρα,associazione,φράτρα,,auto
ILA-116,"Lane, CMRDM I 127",ruolo-istituzione,φράτρα,associazione,φράτρα,,auto
ILA-156,"Lane, CMRDM I 168",ruolo-istituzione,ἀρχιερεύς,sacerdozio,ἀρχιερέως,,auto
ILA-158,"Lane, CMRDM I 170",ruolo-istituzione,ἀρχιερεύς,sacerdozio,ἀρχιερέως,,auto
ILA-159,"Lane, CMRDM I 171",ruolo-istituzione,ἀρχιερεύς,sacerdozio,ἀρχιερέως,,auto
ILA-160,"Lane, CMRDM I 172",ruolo-istituzione,ἀρχιερεύς,sacerdozio,ἀρχιερέως,,auto
ILA-161,"Lane, CMRDM I 173",ruolo-istituzione,ἀρχιερεύς,sacerdozio,ἀρχιερέως,,auto
ILA-162,"Lane, CMRDM I 174",ruolo-istituzione,ἀρχιερεύς,sacerdozio,ἀρχιερέως,,auto
ILA-071,"Lane, CMRDM I 103",ruolo-istituzione,ἱερατεύω,sacerdozio,ἱερατεύων,,auto
ILA-086,"Lane, CMRDM I 118",ruolo-istituzione,ἱερεύς,sacerdozio,ἱερεύσαντα,,auto
ILA-096,"Lane, CMRDM I 7",ruolo-istituzione,ἱερεύς,sacerdozio,Ἱερεὺς,,auto
ILA-097,"Lane, CMRDM I 8",ruolo-istituzione,ἱερεύς,sacerdozio,ἱερέας,,manuale
ILA-110,"Lane, CMRDM I 28",ruolo-istituzione,ἱερεύς,sacerdozio,ἱερέως,,auto
ILA-118,"Lane, CMRDM I 129",ruolo-istituzione,ἱερεύς,sacerdozio,ἱερεὺς,,auto
ILA-149,"Lane, CMRDM I 161",ruolo-istituzione,ἱερεύς,sacerdozio,ἱερεὺς,,auto
ILA-152,"Lane, CMRDM I 164",ruolo-istituzione,ἱερεύς,sacerdozio,ἱερέως,,auto
ILA-153,"Lane, CMRDM I 165",ruolo-istituzione,ἱερεύς,sacerdozio,ἱερέως,,auto
ILA-154,"Lane, CMRDM I 166",ruolo-istituzione,ἱερεύς,sacerdozio,ἱερέως,,auto
ILA-155,"Lane, CMRDM I 167",ruolo-istituzione,ἱερεύς,sacerdozio,ἱερέως,,auto
ILA-136,"Lane, CMRDM I 148",formula-fissa,ὁρκίζω,imprecazione,Ὀρχίσζω,,auto
ILA-144,"Lane, CMRDM I 156",formula-fissa,ἐνορκίζω,imprecazione,ἐνορκίζω,,auto
